{
    "$schema": "https://www.fnac.com/json-schema/digital-data/custom-ceddl-01",
    "pageInstanceID": "production-fnaccom-fr-fr-FR-a18573506",
    "page": {
        "pageInfo": {
            "pageID": "a18573506",
            "pageName": "Apple iPhone 15 Plus 6,7\" 5G Double SIM 128 Go Noir",
            "sysEnv": "FCS1WPWEBFR2",
            "breadCrumbs": [
                "Accueil",
                "Smartphones et Objets Connectés",
                "iPhone",
                "Apple iPhone 15 Plus 6,7\" 5G Double SIM 128 Go Noir"
            ],
            "version": "22.1.25185.5",
            "issueDate": "2025-07-16T11:53:58.4954115Z",
            "destinationURL": "https://www.fnac.com/Apple-iPhone-15-Plus-6-7-5G-Double-SIM-128-Go-Noir/a18573506/w-4",
            "referringURL": "https://www.fnac.com/",
            "language": "fr-FR"
        },
        "attributes": {
            "environment": "production",
            "deviceType": "desktop-web",
            "siteID": "fnaccom",
            "marketID": "fr",
            "statusCode": 200,
            "statusText": "OK",
            "entityID": "1-18573506",
            "entityName": "Apple iPhone 15 Plus 6,7\" 5G Double SIM 128 Go Noir"
        },
        "category": {
            "pageTemplate": "~/Nav/Core/Views/Article/Index.cshtml",
            "pageType": "product-page",
            "pathID": "56549",
            "primaryCategory": "Smartphones et Objets Connectés",
            "primaryCategoryID": "9455041",
            "virtualPrimaryCategoryID": "-54"
        }
    },
    "product": [
        {
            "productInfo": {
                "productID": "18573506",
                "productName": "Apple iPhone 15 Plus 6,7\" 5G Double SIM 128 Go Noir",
                "description": "&bull; DYNAMIC ISLAND ARRIVE SUR L&rsquo;IPHONE 15 &ndash; Dynamic Island fait remonter vos alertes et Activit&eacute;s en direct, pour que rien ne vous &eacute;chappe quand vous avez l&rsquo;esprit ailleurs. Voyez qui vous appelle, v&eacute;rifiez le statut de votre vol et faites bien plus encore.&bull; DESIGN INNOVANT &ndash; L&rsquo;iPhone 15 pr&eacute;sente un design r&eacute;sistant en aluminium et verre teint&eacute; dans la masse. Il r&eacute;siste aux &eacute;claboussures, &agrave; l&rsquo;eau et &agrave; la poussi&egrave;re1. Sa face...",
                "productURL": "https://www.fnac.com/Apple-iPhone-15-Plus-6-7-5G-Double-SIM-128-Go-Noir/a18573506/w-4",
                "manufacturer": "Apple",
                "sku": "9268187",
                "gtin": "0195949040733",
                "mpn": "MU0Y3ZD/A"
            },
            "attributes": {
                "catalog": "newref",
                "nature": "physic",
                "type": "good",
                "currentOffer": {
                    "offerID": "00000000-0000-0000-0000-000000000000",
                    "sellerType": "fnac",
                    "seller": "FNAC.COM",
                    "sellerID": "00000000-0000-0000-0000-000000000000",
                    "sellerLocation": "Other",
                    "condition": "new",
                    "price": {
                        "basePrice": 869.93,
                        "basePriceWithTax": 869.93,
                        "currency": "EUR",
                        "taxRate": 0.0,
                        "discount": 0.0,
                        "shipping": 0.0,
                        "shippingMethod": "2",
                        "shippingMethodID": "2",
                        "price": 869.93,
                        "priceWithTax": 869.93
                    },
                    "offerURL": "https://www.fnac.com/FNAC-COM/sref00000000-0000-0000-0000-000000000000",
                    "fulfillment": "FNAC.COM"
                },
                "salesCategory": "1",
                "userRating": 5.0,
                "labRating": 4.0,
                "offer": [
                    {
                        "offerID": "00000000-0000-0000-0000-000000000000",
                        "sellerType": "fnac",
                        "seller": "FNAC.COM",
                        "sellerID": "00000000-0000-0000-0000-000000000000",
                        "sellerLocation": "Other",
                        "condition": "new",
                        "price": {
                            "basePrice": 869.93,
                            "basePriceWithTax": 869.93,
                            "currency": "EUR",
                            "taxRate": 0.0,
                            "discount": 0.0,
                            "shipping": 0.0,
                            "shippingMethod": "2",
                            "shippingMethodID": "2",
                            "price": 869.93,
                            "priceWithTax": 869.93
                        },
                        "offerURL": "https://www.fnac.com/FNAC-COM/sref00000000-0000-0000-0000-000000000000",
                        "fulfillment": "FNAC.COM"
                    },
                    {
                        "offerID": "6514467c-e489-cb81-4d1e-782ede1e1a6f",
                        "sellerType": "professional",
                        "seller": "Win Electornic",
                        "sellerID": "c4c0fe66-2dd4-76d7-4619-8605ab66c6ac",
                        "sellerLocation": "Local",
                        "condition": "like-new",
                        "price": {
                            "basePrice": 587.89,
                            "basePriceWithTax": 587.89,
                            "currency": "EUR",
                            "taxRate": 0.0,
                            "discount": 0.0,
                            "shipping": 0.0,
                            "shippingMethod": "2",
                            "shippingMethodID": "2",
                            "price": 587.89,
                            "priceWithTax": 587.89
                        },
                        "offerURL": "https://www.fnac.com/Win-Electornic/srefC4C0FE66-2DD4-76D7-4619-8605AB66C6AC",
                        "fulfillment": "FNAC.COM"
                    },
                    {
                        "offerID": "cb98c37d-842a-9585-254d-ca37e0caa774",
                        "sellerType": "professional",
                        "seller": "Win Electornic",
                        "sellerID": "c4c0fe66-2dd4-76d7-4619-8605ab66c6ac",
                        "sellerLocation": "Local",
                        "condition": "very-good",
                        "price": {
                            "basePrice": 619.9,
                            "basePriceWithTax": 619.9,
                            "currency": "EUR",
                            "taxRate": 0.0,
                            "discount": 0.0,
                            "shipping": 0.0,
                            "shippingMethod": "2",
                            "shippingMethodID": "2",
                            "price": 619.9,
                            "priceWithTax": 619.9
                        },
                        "offerURL": "https://www.fnac.com/Win-Electornic/srefC4C0FE66-2DD4-76D7-4619-8605AB66C6AC",
                        "fulfillment": "FNAC.COM"
                    },
                    {
                        "offerID": "3614aa81-f121-fb29-f2ae-4e3a740ded14",
                        "sellerType": "professional",
                        "seller": "Bafobu",
                        "sellerID": "290e278b-a077-deff-dbb8-8ab6babce5a7",
                        "sellerLocation": "European",
                        "condition": "acceptable",
                        "price": {
                            "basePrice": 582.27,
                            "basePriceWithTax": 582.27,
                            "currency": "EUR",
                            "taxRate": 0.0,
                            "discount": 0.0,
                            "shipping": 0.0,
                            "shippingMethod": "2",
                            "shippingMethodID": "2",
                            "price": 582.27,
                            "priceWithTax": 582.27
                        },
                        "offerURL": "https://www.fnac.com/Bafobu/sref290E278B-A077-DEFF-DBB8-8AB6BABCE5A7",
                        "fulfillment": "Bafobu"
                    },
                    {
                        "offerID": "86b6ae9a-da3d-5dc3-b60c-8ebefd7a6bfa",
                        "sellerType": "professional",
                        "seller": "Nest Green",
                        "sellerID": "ea4bc972-f940-1d30-d717-5eef3f4d18f5",
                        "sellerLocation": "Local",
                        "condition": "good",
                        "price": {
                            "basePrice": 582.9,
                            "basePriceWithTax": 582.9,
                            "currency": "EUR",
                            "taxRate": 0.0,
                            "discount": 0.0,
                            "shipping": 0.0,
                            "shippingMethod": "2",
                            "shippingMethodID": "2",
                            "price": 582.9,
                            "priceWithTax": 582.9
                        },
                        "offerURL": "https://www.fnac.com/Nest-Green/srefEA4BC972-F940-1D30-D717-5EEF3F4D18F5",
                        "fulfillment": "Nest Green"
                    },
                    {
                        "offerID": "a73cda82-b1e0-b317-6585-a3976f8e2a41",
                        "sellerType": "professional",
                        "seller": "Alloccaz",
                        "sellerID": "392d3f1a-6f54-d652-90a1-42e695943c52",
                        "sellerLocation": "Local",
                        "condition": "good",
                        "price": {
                            "basePrice": 583.0,
                            "basePriceWithTax": 583.0,
                            "currency": "EUR",
                            "taxRate": 0.0,
                            "discount": 0.0,
                            "shipping": 0.0,
                            "shippingMethod": "2",
                            "shippingMethodID": "2",
                            "price": 583.0,
                            "priceWithTax": 583.0
                        },
                        "offerURL": "https://www.fnac.com/Alloccaz/sref392D3F1A-6F54-D652-90A1-42E695943C52",
                        "fulfillment": "Alloccaz"
                    },
                    {
                        "offerID": "3fee2383-c29e-18ec-58c2-c28ccb1b968f",
                        "sellerType": "professional",
                        "seller": "Nest Green",
                        "sellerID": "ea4bc972-f940-1d30-d717-5eef3f4d18f5",
                        "sellerLocation": "Local",
                        "condition": "acceptable",
                        "price": {
                            "basePrice": 583.46,
                            "basePriceWithTax": 583.46,
                            "currency": "EUR",
                            "taxRate": 0.0,
                            "discount": 0.0,
                            "shipping": 0.0,
                            "shippingMethod": "2",
                            "shippingMethodID": "2",
                            "price": 583.46,
                            "priceWithTax": 583.46
                        },
                        "offerURL": "https://www.fnac.com/Nest-Green/srefEA4BC972-F940-1D30-D717-5EEF3F4D18F5",
                        "fulfillment": "Nest Green"
                    },
                    {
                        "offerID": "9e2b84fc-0cbc-f15d-c333-47bdd703790c",
                        "sellerType": "professional",
                        "seller": "Fnac 2nde vie",
                        "sellerID": "2a489857-6b1d-9b7d-6bb0-7a2a8a914ce2",
                        "sellerLocation": "Local",
                        "condition": "acceptable",
                        "price": {
                            "basePrice": 873.0,
                            "basePriceWithTax": 873.0,
                            "currency": "EUR",
                            "taxRate": 0.0,
                            "discount": 0.30012600229095077,
                            "shipping": 0.0,
                            "shippingMethod": "2",
                            "shippingMethodID": "2",
                            "price": 610.99,
                            "priceWithTax": 610.99
                        },
                        "offerURL": "https://www.fnac.com/Fnac-2nde-vie/sref2A489857-6B1D-9B7D-6BB0-7A2A8A914CE2",
                        "fulfillment": "Fnac 2nde vie"
                    },
                    {
                        "offerID": "95dc4c86-4306-0370-0c22-76bb19f31db6",
                        "sellerType": "professional",
                        "seller": "Nest Green",
                        "sellerID": "ea4bc972-f940-1d30-d717-5eef3f4d18f5",
                        "sellerLocation": "Local",
                        "condition": "very-good",
                        "price": {
                            "basePrice": 619.8,
                            "basePriceWithTax": 619.8,
                            "currency": "EUR",
                            "taxRate": 0.0,
                            "discount": 0.0,
                            "shipping": 0.0,
                            "shippingMethod": "2",
                            "shippingMethodID": "2",
                            "price": 619.8,
                            "priceWithTax": 619.8
                        },
                        "offerURL": "https://www.fnac.com/Nest-Green/srefEA4BC972-F940-1D30-D717-5EEF3F4D18F5",
                        "fulfillment": "Nest Green"
                    },
                    {
                        "offerID": "da6a041f-6b40-b48c-da34-cc2c3ffac6e9",
                        "sellerType": "professional",
                        "seller": "Alloccaz",
                        "sellerID": "392d3f1a-6f54-d652-90a1-42e695943c52",
                        "sellerLocation": "Local",
                        "condition": "very-good",
                        "price": {
                            "basePrice": 620.0,
                            "basePriceWithTax": 620.0,
                            "currency": "EUR",
                            "taxRate": 0.0,
                            "discount": 0.0,
                            "shipping": 0.0,
                            "shippingMethod": "2",
                            "shippingMethodID": "2",
                            "price": 620.0,
                            "priceWithTax": 620.0
                        },
                        "offerURL": "https://www.fnac.com/Alloccaz/sref392D3F1A-6F54-D652-90A1-42E695943C52",
                        "fulfillment": "Alloccaz"
                    },
                    {
                        "offerID": "5639183a-9037-502e-87c6-93d99c61644a",
                        "sellerType": "professional",
                        "seller": "Fnac 2nde vie",
                        "sellerID": "2a489857-6b1d-9b7d-6bb0-7a2a8a914ce2",
                        "sellerLocation": "Local",
                        "condition": "good",
                        "price": {
                            "basePrice": 873.0,
                            "basePriceWithTax": 873.0,
                            "currency": "EUR",
                            "taxRate": 0.0,
                            "discount": 0.2795074455899198,
                            "shipping": 0.0,
                            "shippingMethod": "2",
                            "shippingMethodID": "2",
                            "price": 628.99,
                            "priceWithTax": 628.99
                        },
                        "offerURL": "https://www.fnac.com/Fnac-2nde-vie/sref2A489857-6B1D-9B7D-6BB0-7A2A8A914CE2",
                        "fulfillment": "Fnac 2nde vie"
                    },
                    {
                        "offerID": "aa7cbc5c-e8ef-172c-d99e-cdb690c4d4d2",
                        "sellerType": "professional",
                        "seller": "Darty Occasion",
                        "sellerID": "505c26e6-b7f7-5e9f-7e4a-76c1e3efaa67",
                        "sellerLocation": "Local",
                        "condition": "very-good",
                        "price": {
                            "basePrice": 873.0,
                            "basePriceWithTax": 873.0,
                            "currency": "EUR",
                            "taxRate": 0.0,
                            "discount": 0.2600343642611684,
                            "shipping": 0.0,
                            "shippingMethod": "2",
                            "shippingMethodID": "2",
                            "price": 645.99,
                            "priceWithTax": 645.99
                        },
                        "offerURL": "https://www.fnac.com/Darty-Occasion/sref505C26E6-B7F7-5E9F-7E4A-76C1E3EFAA67",
                        "fulfillment": "Darty Occasion"
                    },
                    {
                        "offerID": "e0ecc821-3a06-da9b-210c-75a7fe892da4",
                        "sellerType": "professional",
                        "seller": "Alloccaz",
                        "sellerID": "392d3f1a-6f54-d652-90a1-42e695943c52",
                        "sellerLocation": "Local",
                        "condition": "like-new",
                        "price": {
                            "basePrice": 650.0,
                            "basePriceWithTax": 650.0,
                            "currency": "EUR",
                            "taxRate": 0.0,
                            "discount": 0.0,
                            "shipping": 0.0,
                            "shippingMethod": "2",
                            "shippingMethodID": "2",
                            "price": 650.0,
                            "priceWithTax": 650.0
                        },
                        "offerURL": "https://www.fnac.com/Alloccaz/sref392D3F1A-6F54-D652-90A1-42E695943C52",
                        "fulfillment": "Alloccaz"
                    },
                    {
                        "offerID": "159e0b03-fe8a-09fb-8c9c-4de96f9628dc",
                        "sellerType": "professional",
                        "seller": "Bafobu",
                        "sellerID": "290e278b-a077-deff-dbb8-8ab6babce5a7",
                        "sellerLocation": "European",
                        "condition": "very-good",
                        "price": {
                            "basePrice": 666.32,
                            "basePriceWithTax": 666.32,
                            "currency": "EUR",
                            "taxRate": 0.0,
                            "discount": 0.0,
                            "shipping": 8.29,
                            "shippingMethod": "2",
                            "shippingMethodID": "2",
                            "price": 666.32,
                            "priceWithTax": 666.32
                        },
                        "offerURL": "https://www.fnac.com/Bafobu/sref290E278B-A077-DEFF-DBB8-8AB6BABCE5A7",
                        "fulfillment": "Bafobu"
                    },
                    {
                        "offerID": "e99c68ac-0a8a-8119-2c6a-11933631a491",
                        "sellerType": "professional",
                        "seller": "Smartfone - France",
                        "sellerID": "e4a3d97e-bb60-90ce-0432-2dea8f77e722",
                        "sellerLocation": "Local",
                        "condition": "like-new",
                        "price": {
                            "basePrice": 699.0,
                            "basePriceWithTax": 699.0,
                            "currency": "EUR",
                            "taxRate": 0.0,
                            "discount": 0.0,
                            "shipping": 0.0,
                            "shippingMethod": "2",
                            "shippingMethodID": "2",
                            "price": 699.0,
                            "priceWithTax": 699.0
                        },
                        "offerURL": "https://www.fnac.com/Smartfone-France/srefE4A3D97E-BB60-90CE-0432-2DEA8F77E722",
                        "fulfillment": "Smartfone - France"
                    },
                    {
                        "offerID": "569735c6-f8e7-c783-f620-84f3482075ba",
                        "sellerType": "professional",
                        "seller": "Rev Digital FR",
                        "sellerID": "17c3e886-500d-96a0-58dd-04e64cac6cf6",
                        "sellerLocation": "European",
                        "condition": "like-new",
                        "price": {
                            "basePrice": 818.0,
                            "basePriceWithTax": 818.0,
                            "currency": "EUR",
                            "taxRate": 0.0,
                            "discount": 0.0,
                            "shipping": 0.0,
                            "shippingMethod": "2",
                            "shippingMethodID": "2",
                            "price": 818.0,
                            "priceWithTax": 818.0
                        },
                        "offerURL": "https://www.fnac.com/Rev-Digital-FR/sref17C3E886-500D-96A0-58DD-04E64CAC6CF6",
                        "fulfillment": "Rev Digital FR"
                    },
                    {
                        "offerID": "7b1db1d0-963e-9bc0-3b9f-49f5c5d57aa0",
                        "sellerType": "professional",
                        "seller": "Qter",
                        "sellerID": "1a58c028-dca4-2bb6-cb7f-6727f4c9fbcc",
                        "sellerLocation": "Local",
                        "condition": "like-new",
                        "price": {
                            "basePrice": 587.88,
                            "basePriceWithTax": 587.88,
                            "currency": "EUR",
                            "taxRate": 0.0,
                            "discount": 0.0,
                            "shipping": 0.0,
                            "shippingMethod": "2",
                            "shippingMethodID": "2",
                            "price": 587.88,
                            "priceWithTax": 587.88
                        },
                        "offerURL": "https://www.fnac.com/Qter/sref1A58C028-DCA4-2BB6-CB7F-6727F4C9FBCC",
                        "fulfillment": "Qter"
                    },
                    {
                        "offerID": "eaa282f3-a63c-0f67-0af2-62e5a52b7cda",
                        "sellerType": "professional",
                        "seller": "e-Recycle - Reconditionné en France",
                        "sellerID": "9beb6541-7989-6389-8073-9913499a87e5",
                        "sellerLocation": "Local",
                        "condition": "acceptable",
                        "price": {
                            "basePrice": 647.8,
                            "basePriceWithTax": 647.8,
                            "currency": "EUR",
                            "taxRate": 0.0,
                            "discount": 0.09092312442111763,
                            "shipping": 0.0,
                            "shippingMethod": "2",
                            "shippingMethodID": "2",
                            "price": 588.9,
                            "priceWithTax": 588.9
                        },
                        "offerURL": "https://www.fnac.com/e-Recycle-Reconditionne-en-France/sref9BEB6541-7989-6389-8073-9913499A87E5",
                        "fulfillment": "e-Recycle - Reconditionné en France"
                    },
                    {
                        "offerID": "ec9b92b7-7e13-80ca-f6f8-4c75b123f900",
                        "sellerType": "professional",
                        "seller": "CarbonPhone",
                        "sellerID": "842a1bee-fd40-1689-7d83-568803bd35db",
                        "sellerLocation": "Other",
                        "condition": "very-good",
                        "price": {
                            "basePrice": 629.0,
                            "basePriceWithTax": 629.0,
                            "currency": "EUR",
                            "taxRate": 0.0,
                            "discount": 0.0,
                            "shipping": 0.0,
                            "shippingMethod": "2",
                            "shippingMethodID": "2",
                            "price": 629.0,
                            "priceWithTax": 629.0
                        },
                        "offerURL": "https://www.fnac.com/CarbonPhone/sref842A1BEE-FD40-1689-7D83-568803BD35DB",
                        "fulfillment": "CarbonPhone"
                    },
                    {
                        "offerID": "40164846-5d01-9a80-8992-b469dbacb460",
                        "sellerType": "professional",
                        "seller": "e-Recycle - Reconditionné en France",
                        "sellerID": "9beb6541-7989-6389-8073-9913499a87e5",
                        "sellerLocation": "Local",
                        "condition": "very-good",
                        "price": {
                            "basePrice": 703.8,
                            "basePriceWithTax": 703.8,
                            "currency": "EUR",
                            "taxRate": 0.0,
                            "discount": 0.0907928388746803,
                            "shipping": 0.0,
                            "shippingMethod": "2",
                            "shippingMethodID": "2",
                            "price": 639.9,
                            "priceWithTax": 639.9
                        },
                        "offerURL": "https://www.fnac.com/e-Recycle-Reconditionne-en-France/sref9BEB6541-7989-6389-8073-9913499A87E5",
                        "fulfillment": "e-Recycle - Reconditionné en France"
                    },
                    {
                        "offerID": "c40920fa-bb6f-6fed-c619-43227322ea26",
                        "sellerType": "professional",
                        "seller": "Oquali",
                        "sellerID": "654d205d-f52d-039c-d6f7-25fb8b1705bf",
                        "sellerLocation": "Other",
                        "condition": "good",
                        "price": {
                            "basePrice": 647.0,
                            "basePriceWithTax": 647.0,
                            "currency": "EUR",
                            "taxRate": 0.0,
                            "discount": 0.0,
                            "shipping": 8.29,
                            "shippingMethod": "2",
                            "shippingMethodID": "2",
                            "price": 647.0,
                            "priceWithTax": 647.0
                        },
                        "offerURL": "https://www.fnac.com/Oquali/sref654D205D-F52D-039C-D6F7-25FB8B1705BF",
                        "fulfillment": "Oquali"
                    },
                    {
                        "offerID": "8605adc3-166a-1e1d-a4e9-0b878513b177",
                        "sellerType": "professional",
                        "seller": "CarbonPhone",
                        "sellerID": "842a1bee-fd40-1689-7d83-568803bd35db",
                        "sellerLocation": "Other",
                        "condition": "like-new",
                        "price": {
                            "basePrice": 699.0,
                            "basePriceWithTax": 699.0,
                            "currency": "EUR",
                            "taxRate": 0.0,
                            "discount": 0.0,
                            "shipping": 0.0,
                            "shippingMethod": "2",
                            "shippingMethodID": "2",
                            "price": 699.0,
                            "priceWithTax": 699.0
                        },
                        "offerURL": "https://www.fnac.com/CarbonPhone/sref842A1BEE-FD40-1689-7D83-568803BD35DB",
                        "fulfillment": "CarbonPhone"
                    },
                    {
                        "offerID": "74b236c3-2329-9ec9-0d9b-5a4b11cd2f05",
                        "sellerType": "professional",
                        "seller": "Fnac Cergy",
                        "sellerID": "c4b07a2f-01f1-e482-a231-f806d712f9f1",
                        "sellerLocation": "Other",
                        "condition": "very-good",
                        "price": {
                            "basePrice": 873.0,
                            "basePriceWithTax": 873.0,
                            "currency": "EUR",
                            "taxRate": 0.0,
                            "discount": 0.16037800687285222,
                            "shipping": 0.0,
                            "shippingMethod": "2",
                            "shippingMethodID": "2",
                            "price": 732.99,
                            "priceWithTax": 732.99
                        },
                        "offerURL": "https://www.fnac.com/Fnac-Cergy/srefC4B07A2F-01F1-E482-A231-F806D712F9F1",
                        "fulfillment": "Fnac Cergy"
                    },
                    {
                        "offerID": "7697c651-9504-c704-ac1f-b806a865bd5c",
                        "sellerType": "professional",
                        "seller": "RPSTechnologies",
                        "sellerID": "eed20d12-ff6b-e571-fbf6-c8103f502bde",
                        "sellerLocation": "Other",
                        "condition": "good",
                        "price": {
                            "basePrice": 729.0,
                            "basePriceWithTax": 729.0,
                            "currency": "EUR",
                            "taxRate": 0.0,
                            "discount": 0.0,
                            "shipping": 8.29,
                            "shippingMethod": "2",
                            "shippingMethodID": "2",
                            "price": 729.0,
                            "priceWithTax": 729.0
                        },
                        "offerURL": "https://www.fnac.com/RPSTechnologies/srefEED20D12-FF6B-E571-FBF6-C8103F502BDE",
                        "fulfillment": "RPSTechnologies"
                    },
                    {
                        "offerID": "c1fddd53-7b3d-b202-79fe-35311bc0cb1d",
                        "sellerType": "professional",
                        "seller": "RPSTechnologies",
                        "sellerID": "eed20d12-ff6b-e571-fbf6-c8103f502bde",
                        "sellerLocation": "Other",
                        "condition": "very-good",
                        "price": {
                            "basePrice": 735.0,
                            "basePriceWithTax": 735.0,
                            "currency": "EUR",
                            "taxRate": 0.0,
                            "discount": 0.0,
                            "shipping": 8.29,
                            "shippingMethod": "2",
                            "shippingMethodID": "2",
                            "price": 735.0,
                            "priceWithTax": 735.0
                        },
                        "offerURL": "https://www.fnac.com/RPSTechnologies/srefEED20D12-FF6B-E571-FBF6-C8103F502BDE",
                        "fulfillment": "RPSTechnologies"
                    },
                    {
                        "offerID": "f90554a1-02b7-a88c-f40b-f8ed2da5a7b7",
                        "sellerType": "professional",
                        "seller": "RPSTechnologies",
                        "sellerID": "eed20d12-ff6b-e571-fbf6-c8103f502bde",
                        "sellerLocation": "Other",
                        "condition": "like-new",
                        "price": {
                            "basePrice": 739.0,
                            "basePriceWithTax": 739.0,
                            "currency": "EUR",
                            "taxRate": 0.0,
                            "discount": 0.0,
                            "shipping": 8.29,
                            "shippingMethod": "2",
                            "shippingMethodID": "2",
                            "price": 739.0,
                            "priceWithTax": 739.0
                        },
                        "offerURL": "https://www.fnac.com/RPSTechnologies/srefEED20D12-FF6B-E571-FBF6-C8103F502BDE",
                        "fulfillment": "RPSTechnologies"
                    },
                    {
                        "offerID": "bf952fee-b5d2-b50d-b095-7fae4c48425b",
                        "sellerType": "professional",
                        "seller": "Fnac Creil",
                        "sellerID": "f28c5976-9181-eed4-6f57-49033c8cf7fb",
                        "sellerLocation": "Other",
                        "condition": "like-new",
                        "price": {
                            "basePrice": 873.0,
                            "basePriceWithTax": 873.0,
                            "currency": "EUR",
                            "taxRate": 0.0,
                            "discount": 0.12028636884306987,
                            "shipping": 0.0,
                            "shippingMethod": "2",
                            "shippingMethodID": "2",
                            "price": 767.99,
                            "priceWithTax": 767.99
                        },
                        "offerURL": "https://www.fnac.com/Fnac-Creil/srefF28C5976-9181-EED4-6F57-49033C8CF7FB",
                        "fulfillment": "Fnac Creil"
                    },
                    {
                        "offerID": "f8a37a86-f231-b45e-9e42-02905322762e",
                        "sellerType": "professional",
                        "seller": "Fnac Lille",
                        "sellerID": "f9638f60-0782-fa87-1394-46dd4bcd3506",
                        "sellerLocation": "Local",
                        "condition": "good",
                        "price": {
                            "basePrice": 873.0,
                            "basePriceWithTax": 873.0,
                            "currency": "EUR",
                            "taxRate": 0.0,
                            "discount": 0.12028636884306987,
                            "shipping": 0.0,
                            "shippingMethod": "2",
                            "shippingMethodID": "2",
                            "price": 767.99,
                            "priceWithTax": 767.99
                        },
                        "offerURL": "https://www.fnac.com/Fnac-Lille/srefF9638F60-0782-FA87-1394-46DD4BCD3506",
                        "fulfillment": "Fnac Lille"
                    }
                ],
                "offerID": "00000000-0000-0000-0000-000000000000",
                "sellerType": "fnac",
                "sellerName": "FNAC.COM",
                "sellerID": "00000000-0000-0000-0000-000000000000",
                "sellerLocation": "Other",
                "condition": "new",
                "availability": "En Stock",
                "availabilityType": "in-stock",
                "availabilityID": "199"
            },
            "category": {
                "primaryCategoryID": "29",
                "subCategory1": "Téléphone Mobile",
                "subCategory1ID": "16049"
            },
            "linkedProduct": [],
            "price": {
                "basePrice": 804.94,
                "basePriceWithTax": 969.0,
                "currency": "EUR",
                "taxRate": 0.16666858252962882,
                "discount": 0.09938608387771371,
                "shipping": 0.0,
                "shippingMethod": "Standard",
                "shippingMethodID": "1",
                "price": 724.94,
                "priceWithTax": 873.0
            }
        }
    ]
}