{
    "$schema": "https://www.fnac.com/json-schema/digital-data/custom-ceddl-01",
    "pageInstanceID": "production-fnaccom-fr-fr-FR-a18573338",
    "page": {
        "pageInfo": {
            "pageID": "a18573338",
            "pageName": "Apple iPhone 15 Plus 6,7\" 5G Double SIM 512 Go Noir",
            "sysEnv": "FCS2WPWEBFR14",
            "breadCrumbs": [
                "Accueil",
                "Smartphones et Objets Connectés",
                "iPhone",
                "Apple iPhone 15 Plus 6,7\" 5G Double SIM 512 Go Noir"
            ],
            "version": "22.1.25185.5",
            "issueDate": "2025-07-16T10:44:42.8183109Z",
            "destinationURL": "https://www.fnac.com/Apple-iPhone-15-Plus-6-7-5G-Double-SIM-512-Go-Noir/a18573338/w-4",
            "referringURL": "https://www.fnac.com/",
            "language": "fr-FR"
        },
        "attributes": {
            "environment": "production",
            "deviceType": "desktop-web",
            "siteID": "fnaccom",
            "marketID": "fr",
            "statusCode": 200,
            "statusText": "OK",
            "entityID": "1-18573338",
            "entityName": "Apple iPhone 15 Plus 6,7\" 5G Double SIM 512 Go Noir"
        },
        "category": {
            "pageTemplate": "~/Nav/Core/Views/Article/Index.cshtml",
            "pageType": "product-page",
            "pathID": "56549",
            "primaryCategory": "Smartphones et Objets Connectés",
            "primaryCategoryID": "9455041",
            "virtualPrimaryCategoryID": "-54"
        }
    },
    "product": [
        {
            "productInfo": {
                "productID": "18573338",
                "productName": "Apple iPhone 15 Plus 6,7\" 5G Double SIM 512 Go Noir",
                "description": "&bull; DYNAMIC ISLAND ARRIVE SUR L&rsquo;IPHONE 15 &ndash; Dynamic Island fait remonter vos alertes et Activit&eacute;s en direct, pour que rien ne vous &eacute;chappe quand vous avez l&rsquo;esprit ailleurs. Voyez qui vous appelle, v&eacute;rifiez le statut de votre vol et faites bien plus encore.&bull; DESIGN INNOVANT &ndash; L&rsquo;iPhone 15 pr&eacute;sente un design r&eacute;sistant en aluminium et verre teint&eacute; dans la masse. Il r&eacute;siste aux &eacute;claboussures, &agrave; l&rsquo;eau et &agrave; la poussi&egrave;re1. Sa face...",
                "productURL": "https://www.fnac.com/Apple-iPhone-15-Plus-6-7-5G-Double-SIM-512-Go-Noir/a18573338/w-4",
                "manufacturer": "Apple",
                "sku": "9268080",
                "gtin": "0195949042539",
                "mpn": "MU1H3ZD/A"
            },
            "attributes": {
                "catalog": "newref",
                "nature": "physic",
                "type": "good",
                "currentOffer": {
                    "offerID": "00000000-0000-0000-0000-000000000000",
                    "sellerType": "fnac",
                    "seller": "FNAC.COM",
                    "sellerID": "00000000-0000-0000-0000-000000000000",
                    "sellerLocation": "Other",
                    "condition": "new",
                    "price": {
                        "basePrice": 1249.93,
                        "basePriceWithTax": 1249.93,
                        "currency": "EUR",
                        "taxRate": 0.0,
                        "discount": 0.0,
                        "shipping": 0.0,
                        "shippingMethod": "2",
                        "shippingMethodID": "2",
                        "price": 1249.93,
                        "priceWithTax": 1249.93
                    },
                    "offerURL": "https://www.fnac.com/FNAC-COM/sref00000000-0000-0000-0000-000000000000",
                    "fulfillment": "FNAC.COM"
                },
                "salesCategory": "5",
                "labRating": 4.0,
                "offer": [
                    {
                        "offerID": "00000000-0000-0000-0000-000000000000",
                        "sellerType": "fnac",
                        "seller": "FNAC.COM",
                        "sellerID": "00000000-0000-0000-0000-000000000000",
                        "sellerLocation": "Other",
                        "condition": "new",
                        "price": {
                            "basePrice": 1249.93,
                            "basePriceWithTax": 1249.93,
                            "currency": "EUR",
                            "taxRate": 0.0,
                            "discount": 0.0,
                            "shipping": 0.0,
                            "shippingMethod": "2",
                            "shippingMethodID": "2",
                            "price": 1249.93,
                            "priceWithTax": 1249.93
                        },
                        "offerURL": "https://www.fnac.com/FNAC-COM/sref00000000-0000-0000-0000-000000000000",
                        "fulfillment": "FNAC.COM"
                    },
                    {
                        "offerID": "177a3840-c08d-4d46-7d41-00ab266becfd",
                        "sellerType": "professional",
                        "seller": "Nest Green",
                        "sellerID": "ea4bc972-f940-1d30-d717-5eef3f4d18f5",
                        "sellerLocation": "Local",
                        "condition": "like-new",
                        "price": {
                            "basePrice": 959.0,
                            "basePriceWithTax": 959.0,
                            "currency": "EUR",
                            "taxRate": 0.0,
                            "discount": 0.0,
                            "shipping": 0.0,
                            "shippingMethod": "2",
                            "shippingMethodID": "2",
                            "price": 959.0,
                            "priceWithTax": 959.0
                        },
                        "offerURL": "https://www.fnac.com/Nest-Green/srefEA4BC972-F940-1D30-D717-5EEF3F4D18F5",
                        "fulfillment": "Nest Green"
                    }
                ],
                "offerID": "00000000-0000-0000-0000-000000000000",
                "sellerType": "fnac",
                "sellerName": "FNAC.COM",
                "sellerID": "00000000-0000-0000-0000-000000000000",
                "sellerLocation": "Other",
                "condition": "new",
                "availability": "En Stock",
                "availabilityType": "in-stock",
                "availabilityID": "199"
            },
            "category": {
                "primaryCategoryID": "29",
                "subCategory1": "Téléphone Mobile",
                "subCategory1ID": "16049"
            },
            "linkedProduct": [],
            "price": {
                "basePrice": 1121.61,
                "basePriceWithTax": 1349.0,
                "currency": "EUR",
                "taxRate": 0.16666533325866248,
                "discount": 0.0713261462334594,
                "shipping": 0.0,
                "shippingMethod": "Standard",
                "shippingMethodID": "1",
                "price": 1041.61,
                "priceWithTax": 1253.0
            }
        }
    ]
}