{
    "$schema": "https://www.fnac.com/json-schema/digital-data/custom-ceddl-01",
    "pageInstanceID": "production-fnaccom-fr-fr-FR-a17312614",
    "page": {
        "pageInfo": {
            "pageID": "a17312614",
            "pageName": "Apple iPhone 16 Pro Max 6,9\" 5G 1 To Double SIM Noir Titane",
            "sysEnv": "FCS1WPWEBFR2",
            "breadCrumbs": [
                "Accueil",
                "Smartphones et Objets Connectés",
                "iPhone",
                "Apple iPhone 16 Pro Max 6,9\" 5G 1 To Double SIM Noir Titane"
            ],
            "version": "22.1.25185.5",
            "issueDate": "2025-07-16T06:19:37.9600382Z",
            "destinationURL": "https://www.fnac.com/Apple-iPhone-16-Pro-Max-6-9-5G-1-To-Double-SIM-Noir-Titane/a17312614/w-4",
            "referringURL": "https://www.fnac.com/",
            "language": "fr-FR"
        },
        "attributes": {
            "environment": "production",
            "deviceType": "desktop-web",
            "siteID": "fnaccom",
            "marketID": "fr",
            "statusCode": 200,
            "statusText": "OK",
            "entityID": "1-17312614",
            "entityName": "Apple iPhone 16 Pro Max 6,9\" 5G 1 To Double SIM Noir Titane"
        },
        "category": {
            "pageTemplate": "~/Nav/Core/Views/Article/Index.cshtml",
            "pageType": "product-page",
            "pathID": "56549",
            "primaryCategory": "Smartphones et Objets Connectés",
            "primaryCategoryID": "9455041",
            "virtualPrimaryCategoryID": "-54"
        }
    },
    "product": [
        {
            "productInfo": {
                "productID": "17312614",
                "productName": "Apple iPhone 16 Pro Max 6,9\" 5G 1 To Double SIM Noir Titane",
                "description": "iPhone 16 Pro Max. Conçu pour Apple Intelligence1.Profondément puissante.Un studio pro dans votre poche.Commande de l’appareil photo. Le contrôle à portée de main.Force. Beauté. Titane. iPhone 16 Pro Max. Conçu pour Apple Intelligence1. Avec un superbe design en titane. Commande de l’appareil photo. Dolby Vision 4K à 120 i/s. Et la puce A18 Pro.  SUPERBE DESIGN EN TITANEL’iPhone 16 Pro Max présente un design en titane léger et résistant avec un plus grand écran Super Retina XDR de 6,9 pouces2. Et grâce au matériau Ceramic Shield dernière...",
                "productURL": "https://www.fnac.com/Apple-iPhone-16-Pro-Max-6-9-5G-1-To-Double-SIM-Noir-Titane/a17312614/w-4",
                "manufacturer": "Apple",
                "sku": "9242285",
                "gtin": "0195949807336",
                "mpn": "MYX43ZD/A"
            },
            "attributes": {
                "catalog": "newref",
                "nature": "physic",
                "type": "good",
                "currentOffer": {
                    "offerID": "00000000-0000-0000-0000-000000000000",
                    "sellerType": "fnac",
                    "seller": "FNAC.COM",
                    "sellerID": "00000000-0000-0000-0000-000000000000",
                    "sellerLocation": "Other",
                    "condition": "new",
                    "price": {
                        "basePrice": 1888.93,
                        "basePriceWithTax": 1888.93,
                        "currency": "EUR",
                        "taxRate": 0.0,
                        "discount": 0.0,
                        "shipping": 0.0,
                        "shippingMethod": "2",
                        "shippingMethodID": "2",
                        "price": 1888.93,
                        "priceWithTax": 1888.93
                    },
                    "offerURL": "https://www.fnac.com/FNAC-COM/sref00000000-0000-0000-0000-000000000000",
                    "fulfillment": "FNAC.COM"
                },
                "salesCategory": "5",
                "userRating": 5.0,
                "labRating": 5.0,
                "offer": [
                    {
                        "offerID": "00000000-0000-0000-0000-000000000000",
                        "sellerType": "fnac",
                        "seller": "FNAC.COM",
                        "sellerID": "00000000-0000-0000-0000-000000000000",
                        "sellerLocation": "Other",
                        "condition": "new",
                        "price": {
                            "basePrice": 1888.93,
                            "basePriceWithTax": 1888.93,
                            "currency": "EUR",
                            "taxRate": 0.0,
                            "discount": 0.0,
                            "shipping": 0.0,
                            "shippingMethod": "2",
                            "shippingMethodID": "2",
                            "price": 1888.93,
                            "priceWithTax": 1888.93
                        },
                        "offerURL": "https://www.fnac.com/FNAC-COM/sref00000000-0000-0000-0000-000000000000",
                        "fulfillment": "FNAC.COM"
                    },
                    {
                        "offerID": "6c287f0b-3c19-7e91-b889-8020a40dcecc",
                        "sellerType": "professional",
                        "seller": "Rev Digital FR",
                        "sellerID": "17c3e886-500d-96a0-58dd-04e64cac6cf6",
                        "sellerLocation": "European",
                        "condition": "like-new",
                        "price": {
                            "basePrice": 1727.0,
                            "basePriceWithTax": 1727.0,
                            "currency": "EUR",
                            "taxRate": 0.0,
                            "discount": 0.0,
                            "shipping": 0.0,
                            "shippingMethod": "2",
                            "shippingMethodID": "2",
                            "price": 1727.0,
                            "priceWithTax": 1727.0
                        },
                        "offerURL": "https://www.fnac.com/Rev-Digital-FR/sref17C3E886-500D-96A0-58DD-04E64CAC6CF6",
                        "fulfillment": "Rev Digital FR"
                    },
                    {
                        "offerID": "0b8cedbd-158b-dc46-68cc-d98d772d8083",
                        "sellerType": "professional",
                        "seller": "RPSTechnologies",
                        "sellerID": "eed20d12-ff6b-e571-fbf6-c8103f502bde",
                        "sellerLocation": "Other",
                        "condition": "good",
                        "price": {
                            "basePrice": 1789.0,
                            "basePriceWithTax": 1789.0,
                            "currency": "EUR",
                            "taxRate": 0.0,
                            "discount": 0.0,
                            "shipping": 8.29,
                            "shippingMethod": "2",
                            "shippingMethodID": "2",
                            "price": 1789.0,
                            "priceWithTax": 1789.0
                        },
                        "offerURL": "https://www.fnac.com/RPSTechnologies/srefEED20D12-FF6B-E571-FBF6-C8103F502BDE",
                        "fulfillment": "RPSTechnologies"
                    },
                    {
                        "offerID": "da34d6d0-66e9-e5d9-7f8a-1fca43e39bc8",
                        "sellerType": "professional",
                        "seller": "RPSTechnologies",
                        "sellerID": "eed20d12-ff6b-e571-fbf6-c8103f502bde",
                        "sellerLocation": "Other",
                        "condition": "very-good",
                        "price": {
                            "basePrice": 1795.0,
                            "basePriceWithTax": 1795.0,
                            "currency": "EUR",
                            "taxRate": 0.0,
                            "discount": 0.0,
                            "shipping": 8.29,
                            "shippingMethod": "2",
                            "shippingMethodID": "2",
                            "price": 1795.0,
                            "priceWithTax": 1795.0
                        },
                        "offerURL": "https://www.fnac.com/RPSTechnologies/srefEED20D12-FF6B-E571-FBF6-C8103F502BDE",
                        "fulfillment": "RPSTechnologies"
                    },
                    {
                        "offerID": "ba922ae3-97bc-7154-1529-429a512caf8e",
                        "sellerType": "professional",
                        "seller": "RPSTechnologies",
                        "sellerID": "eed20d12-ff6b-e571-fbf6-c8103f502bde",
                        "sellerLocation": "Other",
                        "condition": "like-new",
                        "price": {
                            "basePrice": 1799.0,
                            "basePriceWithTax": 1799.0,
                            "currency": "EUR",
                            "taxRate": 0.0,
                            "discount": 0.0,
                            "shipping": 8.29,
                            "shippingMethod": "2",
                            "shippingMethodID": "2",
                            "price": 1799.0,
                            "priceWithTax": 1799.0
                        },
                        "offerURL": "https://www.fnac.com/RPSTechnologies/srefEED20D12-FF6B-E571-FBF6-C8103F502BDE",
                        "fulfillment": "RPSTechnologies"
                    }
                ],
                "offerID": "00000000-0000-0000-0000-000000000000",
                "sellerType": "fnac",
                "sellerName": "FNAC.COM",
                "sellerID": "00000000-0000-0000-0000-000000000000",
                "sellerLocation": "Other",
                "condition": "new",
                "availability": "En Stock",
                "availabilityType": "in-stock",
                "availabilityID": "199"
            },
            "category": {
                "primaryCategoryID": "29",
                "subCategory1": "Téléphone Mobile",
                "subCategory1ID": "16049"
            },
            "linkedProduct": [],
            "price": {
                "basePrice": 1646.61,
                "basePriceWithTax": 1979.0,
                "currency": "EUR",
                "taxRate": 0.16666578433292922,
                "discount": 0.04402989984463012,
                "shipping": 0.0,
                "shippingMethod": "Standard",
                "shippingMethodID": "1",
                "price": 1574.11,
                "priceWithTax": 1892.0
            }
        }
    ]
}