{
    "$schema": "https://www.fnac.com/json-schema/digital-data/custom-ceddl-01",
    "pageInstanceID": "production-fnaccom-fr-fr-FR-a18573408",
    "page": {
        "pageInfo": {
            "pageID": "a18573408",
            "pageName": "Apple iPhone 15 6,1\" 5G Double SIM 128 Go Noir",
            "sysEnv": "FCS1WPWEBFR2",
            "breadCrumbs": [
                "Accueil",
                "Smartphones et Objets Connectés",
                "iPhone",
                "Apple iPhone 15 6,1\" 5G Double SIM 128 Go Noir"
            ],
            "version": "22.1.25185.5",
            "issueDate": "2025-07-15T19:19:52.4231254Z",
            "destinationURL": "https://www.fnac.com/Apple-iPhone-15-6-1-5G-Double-SIM-128-Go-Noir/a18573408/w-4",
            "referringURL": "https://www.fnac.com/",
            "language": "fr-FR"
        },
        "attributes": {
            "environment": "production",
            "deviceType": "desktop-web",
            "siteID": "fnaccom",
            "marketID": "fr",
            "statusCode": 200,
            "statusText": "OK",
            "entityID": "1-18573408",
            "entityName": "Apple iPhone 15 6,1\" 5G Double SIM 128 Go Noir"
        },
        "category": {
            "pageTemplate": "~/Nav/Core/Views/Article/Index.cshtml",
            "pageType": "product-page",
            "pathID": "56549",
            "primaryCategory": "Smartphones et Objets Connectés",
            "primaryCategoryID": "9455041",
            "virtualPrimaryCategoryID": "-54"
        }
    },
    "product": [
        {
            "productInfo": {
                "productID": "18573408",
                "productName": "Apple iPhone 15 6,1\" 5G Double SIM 128 Go Noir",
                "description": "&bull; DYNAMIC ISLAND ARRIVE SUR L&rsquo;IPHONE 15 &ndash; Dynamic Island fait remonter vos alertes et Activit&eacute;s en direct, pour que rien ne vous &eacute;chappe quand vous avez l&rsquo;esprit ailleurs. Voyez qui vous appelle, v&eacute;rifiez le statut de votre vol et faites bien plus encore.&bull; DESIGN INNOVANT &ndash; L&rsquo;iPhone 15 pr&eacute;sente un design r&eacute;sistant en aluminium et verre teint&eacute; dans la masse. Il r&eacute;siste aux &eacute;claboussures, &agrave; l&rsquo;eau et &agrave; la poussi&egrave;re. Sa face...",
                "productURL": "https://www.fnac.com/Apple-iPhone-15-6-1-5G-Double-SIM-128-Go-Noir/a18573408/w-4",
                "manufacturer": "Apple",
                "sku": "9268150",
                "gtin": "0195949036064",
                "mpn": "IP 15 NOIR 128GO"
            },
            "attributes": {
                "catalog": "newref",
                "nature": "physic",
                "type": "good",
                "currentOffer": {
                    "offerID": "00000000-0000-0000-0000-000000000000",
                    "sellerType": "fnac",
                    "seller": "FNAC.COM",
                    "sellerID": "00000000-0000-0000-0000-000000000000",
                    "sellerLocation": "Other",
                    "condition": "new",
                    "price": {
                        "basePrice": 769.93,
                        "basePriceWithTax": 769.93,
                        "currency": "EUR",
                        "taxRate": 0.0,
                        "discount": 0.0,
                        "shipping": 0.0,
                        "shippingMethod": "2",
                        "shippingMethodID": "2",
                        "price": 769.93,
                        "priceWithTax": 769.93
                    },
                    "offerURL": "https://www.fnac.com/FNAC-COM/sref00000000-0000-0000-0000-000000000000",
                    "fulfillment": "FNAC.COM"
                },
                "salesCategory": "1",
                "userRating": 4.5,
                "labRating": 4.0,
                "offer": [
                    {
                        "offerID": "00000000-0000-0000-0000-000000000000",
                        "sellerType": "fnac",
                        "seller": "FNAC.COM",
                        "sellerID": "00000000-0000-0000-0000-000000000000",
                        "sellerLocation": "Other",
                        "condition": "new",
                        "price": {
                            "basePrice": 769.93,
                            "basePriceWithTax": 769.93,
                            "currency": "EUR",
                            "taxRate": 0.0,
                            "discount": 0.0,
                            "shipping": 0.0,
                            "shippingMethod": "2",
                            "shippingMethodID": "2",
                            "price": 769.93,
                            "priceWithTax": 769.93
                        },
                        "offerURL": "https://www.fnac.com/FNAC-COM/sref00000000-0000-0000-0000-000000000000",
                        "fulfillment": "FNAC.COM"
                    },
                    {
                        "offerID": "7127f506-ee12-5a19-31a8-1d24e943267d",
                        "sellerType": "professional",
                        "seller": "KINGTONG",
                        "sellerID": "819501cf-9e80-3c26-508e-1328173069cc",
                        "sellerLocation": "European",
                        "condition": "like-new",
                        "price": {
                            "basePrice": 495.0,
                            "basePriceWithTax": 495.0,
                            "currency": "EUR",
                            "taxRate": 0.0,
                            "discount": 0.0,
                            "shipping": 0.0,
                            "shippingMethod": "2",
                            "shippingMethodID": "2",
                            "price": 495.0,
                            "priceWithTax": 495.0
                        },
                        "offerURL": "https://www.fnac.com/KINGTONG/sref819501CF-9E80-3C26-508E-1328173069CC",
                        "fulfillment": "FNAC.COM"
                    },
                    {
                        "offerID": "4ef3774e-ab4e-a166-c0eb-30be6d339df4",
                        "sellerType": "professional",
                        "seller": "Techmobile",
                        "sellerID": "f86e9bdb-aa94-7beb-9b7e-c51ca7acdea2",
                        "sellerLocation": "Local",
                        "condition": "like-new",
                        "price": {
                            "basePrice": 499.0,
                            "basePriceWithTax": 499.0,
                            "currency": "EUR",
                            "taxRate": 0.0,
                            "discount": 0.0,
                            "shipping": 0.0,
                            "shippingMethod": "2",
                            "shippingMethodID": "2",
                            "price": 499.0,
                            "priceWithTax": 499.0
                        },
                        "offerURL": "https://www.fnac.com/Techmobile/srefF86E9BDB-AA94-7BEB-9B7E-C51CA7ACDEA2",
                        "fulfillment": "FNAC.COM"
                    },
                    {
                        "offerID": "9e7bfe72-2218-b421-2054-8eef70b80d7d",
                        "sellerType": "professional",
                        "seller": "Win Electornic",
                        "sellerID": "c4c0fe66-2dd4-76d7-4619-8605ab66c6ac",
                        "sellerLocation": "Local",
                        "condition": "like-new",
                        "price": {
                            "basePrice": 597.9,
                            "basePriceWithTax": 597.9,
                            "currency": "EUR",
                            "taxRate": 0.0,
                            "discount": 0.13294865362100686,
                            "shipping": 0.0,
                            "shippingMethod": "2",
                            "shippingMethodID": "2",
                            "price": 518.41,
                            "priceWithTax": 518.41
                        },
                        "offerURL": "https://www.fnac.com/Win-Electornic/srefC4C0FE66-2DD4-76D7-4619-8605AB66C6AC",
                        "fulfillment": "FNAC.COM"
                    },
                    {
                        "offerID": "638760aa-043b-634a-0d27-0d9b8d288e6c",
                        "sellerType": "professional",
                        "seller": "Techmobile",
                        "sellerID": "f86e9bdb-aa94-7beb-9b7e-c51ca7acdea2",
                        "sellerLocation": "Local",
                        "condition": "very-good",
                        "price": {
                            "basePrice": 530.0,
                            "basePriceWithTax": 530.0,
                            "currency": "EUR",
                            "taxRate": 0.0,
                            "discount": 0.0,
                            "shipping": 0.0,
                            "shippingMethod": "2",
                            "shippingMethodID": "2",
                            "price": 530.0,
                            "priceWithTax": 530.0
                        },
                        "offerURL": "https://www.fnac.com/Techmobile/srefF86E9BDB-AA94-7BEB-9B7E-C51CA7ACDEA2",
                        "fulfillment": "FNAC.COM"
                    },
                    {
                        "offerID": "59445d54-7d6d-3c41-021d-83c6eaca67b6",
                        "sellerType": "professional",
                        "seller": "Win Electornic",
                        "sellerID": "c4c0fe66-2dd4-76d7-4619-8605ab66c6ac",
                        "sellerLocation": "Local",
                        "condition": "very-good",
                        "price": {
                            "basePrice": 532.69,
                            "basePriceWithTax": 532.69,
                            "currency": "EUR",
                            "taxRate": 0.0,
                            "discount": 0.0,
                            "shipping": 0.0,
                            "shippingMethod": "2",
                            "shippingMethodID": "2",
                            "price": 532.69,
                            "priceWithTax": 532.69
                        },
                        "offerURL": "https://www.fnac.com/Win-Electornic/srefC4C0FE66-2DD4-76D7-4619-8605AB66C6AC",
                        "fulfillment": "FNAC.COM"
                    },
                    {
                        "offerID": "0a6f6b49-077a-552a-61ef-e1b29aeec11d",
                        "sellerType": "professional",
                        "seller": "AMOSTECH",
                        "sellerID": "f4c277c8-4397-98f7-f5ab-53fabf1006cd",
                        "sellerLocation": "European",
                        "condition": "like-new",
                        "price": {
                            "basePrice": 495.0,
                            "basePriceWithTax": 495.0,
                            "currency": "EUR",
                            "taxRate": 0.0,
                            "discount": 0.0,
                            "shipping": 0.0,
                            "shippingMethod": "2",
                            "shippingMethodID": "2",
                            "price": 495.0,
                            "priceWithTax": 495.0
                        },
                        "offerURL": "https://www.fnac.com/AMOSTECH/srefF4C277C8-4397-98F7-F5AB-53FABF1006CD",
                        "fulfillment": "FNAC.COM"
                    },
                    {
                        "offerID": "5efcb8da-8f52-8895-bbf8-b91b2c4db254",
                        "sellerType": "professional",
                        "seller": "GREATBO",
                        "sellerID": "1b0340d3-2b75-2456-d46d-7fead3781881",
                        "sellerLocation": "Local",
                        "condition": "like-new",
                        "price": {
                            "basePrice": 498.99,
                            "basePriceWithTax": 498.99,
                            "currency": "EUR",
                            "taxRate": 0.0,
                            "discount": 0.0,
                            "shipping": 0.0,
                            "shippingMethod": "2",
                            "shippingMethodID": "2",
                            "price": 498.99,
                            "priceWithTax": 498.99
                        },
                        "offerURL": "https://www.fnac.com/GREATBO/sref1B0340D3-2B75-2456-D46D-7FEAD3781881",
                        "fulfillment": "FNAC.COM"
                    },
                    {
                        "offerID": "44d8a787-63d2-095f-5d2c-e80e594c9767",
                        "sellerType": "professional",
                        "seller": "Fnac 2nde vie",
                        "sellerID": "2a489857-6b1d-9b7d-6bb0-7a2a8a914ce2",
                        "sellerLocation": "Local",
                        "condition": "good",
                        "price": {
                            "basePrice": 773.0,
                            "basePriceWithTax": 773.0,
                            "currency": "EUR",
                            "taxRate": 0.0,
                            "discount": 0.3402457956015524,
                            "shipping": 0.0,
                            "shippingMethod": "2",
                            "shippingMethodID": "2",
                            "price": 509.99,
                            "priceWithTax": 509.99
                        },
                        "offerURL": "https://www.fnac.com/Fnac-2nde-vie/sref2A489857-6B1D-9B7D-6BB0-7A2A8A914CE2",
                        "fulfillment": "Fnac 2nde vie"
                    },
                    {
                        "offerID": "3f5bae08-944d-d42f-3bbd-8e33082f8ac6",
                        "sellerType": "professional",
                        "seller": "Nest Green",
                        "sellerID": "ea4bc972-f940-1d30-d717-5eef3f4d18f5",
                        "sellerLocation": "Local",
                        "condition": "very-good",
                        "price": {
                            "basePrice": 555.0,
                            "basePriceWithTax": 555.0,
                            "currency": "EUR",
                            "taxRate": 0.0,
                            "discount": 0.0,
                            "shipping": 0.0,
                            "shippingMethod": "2",
                            "shippingMethodID": "2",
                            "price": 555.0,
                            "priceWithTax": 555.0
                        },
                        "offerURL": "https://www.fnac.com/Nest-Green/srefEA4BC972-F940-1D30-D717-5EEF3F4D18F5",
                        "fulfillment": "Nest Green"
                    },
                    {
                        "offerID": "2b8d08c7-36f8-3c61-339c-b8d141b52a99",
                        "sellerType": "professional",
                        "seller": "Bafobu",
                        "sellerID": "290e278b-a077-deff-dbb8-8ab6babce5a7",
                        "sellerLocation": "European",
                        "condition": "acceptable",
                        "price": {
                            "basePrice": 556.56,
                            "basePriceWithTax": 556.56,
                            "currency": "EUR",
                            "taxRate": 0.0,
                            "discount": 0.0,
                            "shipping": 0.0,
                            "shippingMethod": "2",
                            "shippingMethodID": "2",
                            "price": 556.56,
                            "priceWithTax": 556.56
                        },
                        "offerURL": "https://www.fnac.com/Bafobu/sref290E278B-A077-DEFF-DBB8-8AB6BABCE5A7",
                        "fulfillment": "Bafobu"
                    },
                    {
                        "offerID": "aeec3073-b949-c925-bc42-98d8974b99d2",
                        "sellerType": "professional",
                        "seller": "Alloccaz",
                        "sellerID": "392d3f1a-6f54-d652-90a1-42e695943c52",
                        "sellerLocation": "Local",
                        "condition": "good",
                        "price": {
                            "basePrice": 565.0,
                            "basePriceWithTax": 565.0,
                            "currency": "EUR",
                            "taxRate": 0.0,
                            "discount": 0.0,
                            "shipping": 0.0,
                            "shippingMethod": "2",
                            "shippingMethodID": "2",
                            "price": 565.0,
                            "priceWithTax": 565.0
                        },
                        "offerURL": "https://www.fnac.com/Alloccaz/sref392D3F1A-6F54-D652-90A1-42E695943C52",
                        "fulfillment": "Alloccaz"
                    },
                    {
                        "offerID": "45168d31-e781-4efc-3057-3445e29d2a02",
                        "sellerType": "professional",
                        "seller": "Alloccaz",
                        "sellerID": "392d3f1a-6f54-d652-90a1-42e695943c52",
                        "sellerLocation": "Local",
                        "condition": "very-good",
                        "price": {
                            "basePrice": 585.0,
                            "basePriceWithTax": 585.0,
                            "currency": "EUR",
                            "taxRate": 0.0,
                            "discount": 0.0,
                            "shipping": 0.0,
                            "shippingMethod": "2",
                            "shippingMethodID": "2",
                            "price": 585.0,
                            "priceWithTax": 585.0
                        },
                        "offerURL": "https://www.fnac.com/Alloccaz/sref392D3F1A-6F54-D652-90A1-42E695943C52",
                        "fulfillment": "Alloccaz"
                    },
                    {
                        "offerID": "c7cdea28-a4b4-abd8-dfec-35451d16c252",
                        "sellerType": "professional",
                        "seller": "Nest Green",
                        "sellerID": "ea4bc972-f940-1d30-d717-5eef3f4d18f5",
                        "sellerLocation": "Local",
                        "condition": "like-new",
                        "price": {
                            "basePrice": 609.0,
                            "basePriceWithTax": 609.0,
                            "currency": "EUR",
                            "taxRate": 0.0,
                            "discount": 0.0,
                            "shipping": 0.0,
                            "shippingMethod": "2",
                            "shippingMethodID": "2",
                            "price": 609.0,
                            "priceWithTax": 609.0
                        },
                        "offerURL": "https://www.fnac.com/Nest-Green/srefEA4BC972-F940-1D30-D717-5EEF3F4D18F5",
                        "fulfillment": "Nest Green"
                    },
                    {
                        "offerID": "1b427141-9e03-0ef2-4856-8ae3f03f42d6",
                        "sellerType": "professional",
                        "seller": "Fnac Nantes",
                        "sellerID": "e67da6e0-03b5-4e7f-0881-0119502715b7",
                        "sellerLocation": "Other",
                        "condition": "very-good",
                        "price": {
                            "basePrice": 773.0,
                            "basePriceWithTax": 773.0,
                            "currency": "EUR",
                            "taxRate": 0.0,
                            "discount": 0.1604269081500647,
                            "shipping": 0.0,
                            "shippingMethod": "2",
                            "shippingMethodID": "2",
                            "price": 648.99,
                            "priceWithTax": 648.99
                        },
                        "offerURL": "https://www.fnac.com/Fnac-Nantes/srefE67DA6E0-03B5-4E7F-0881-0119502715B7",
                        "fulfillment": "Fnac Nantes"
                    },
                    {
                        "offerID": "4485f120-34bd-a452-b025-bb387c33cac7",
                        "sellerType": "professional",
                        "seller": "Bafobu",
                        "sellerID": "290e278b-a077-deff-dbb8-8ab6babce5a7",
                        "sellerLocation": "European",
                        "condition": "good",
                        "price": {
                            "basePrice": 666.32,
                            "basePriceWithTax": 666.32,
                            "currency": "EUR",
                            "taxRate": 0.0,
                            "discount": 0.0,
                            "shipping": 0.0,
                            "shippingMethod": "2",
                            "shippingMethodID": "2",
                            "price": 666.32,
                            "priceWithTax": 666.32
                        },
                        "offerURL": "https://www.fnac.com/Bafobu/sref290E278B-A077-DEFF-DBB8-8AB6BABCE5A7",
                        "fulfillment": "Bafobu"
                    },
                    {
                        "offerID": "3ce82e91-93e5-e779-2ae2-def739bcdb8a",
                        "sellerType": "professional",
                        "seller": "Bafobu",
                        "sellerID": "290e278b-a077-deff-dbb8-8ab6babce5a7",
                        "sellerLocation": "European",
                        "condition": "very-good",
                        "price": {
                            "basePrice": 685.72,
                            "basePriceWithTax": 685.72,
                            "currency": "EUR",
                            "taxRate": 0.0,
                            "discount": 0.0,
                            "shipping": 0.0,
                            "shippingMethod": "2",
                            "shippingMethodID": "2",
                            "price": 685.72,
                            "priceWithTax": 685.72
                        },
                        "offerURL": "https://www.fnac.com/Bafobu/sref290E278B-A077-DEFF-DBB8-8AB6BABCE5A7",
                        "fulfillment": "Bafobu"
                    },
                    {
                        "offerID": "2568fe0a-cf5f-3655-5322-5e287fc29899",
                        "sellerType": "professional",
                        "seller": "Rev Digital FR",
                        "sellerID": "17c3e886-500d-96a0-58dd-04e64cac6cf6",
                        "sellerLocation": "European",
                        "condition": "like-new",
                        "price": {
                            "basePrice": 700.0,
                            "basePriceWithTax": 700.0,
                            "currency": "EUR",
                            "taxRate": 0.0,
                            "discount": 0.0,
                            "shipping": 0.0,
                            "shippingMethod": "2",
                            "shippingMethodID": "2",
                            "price": 700.0,
                            "priceWithTax": 700.0
                        },
                        "offerURL": "https://www.fnac.com/Rev-Digital-FR/sref17C3E886-500D-96A0-58DD-04E64CAC6CF6",
                        "fulfillment": "Rev Digital FR"
                    },
                    {
                        "offerID": "8eeaef80-519b-9603-95cf-74324eba35ab",
                        "sellerType": "professional",
                        "seller": "DEALiCASH",
                        "sellerID": "e9869522-05e3-30c0-5b6c-d67b531a64b4",
                        "sellerLocation": "Local",
                        "condition": "very-good",
                        "price": {
                            "basePrice": 1137.8,
                            "basePriceWithTax": 1137.8,
                            "currency": "EUR",
                            "taxRate": 0.0,
                            "discount": 0.0,
                            "shipping": 8.29,
                            "shippingMethod": "2",
                            "shippingMethodID": "2",
                            "price": 1137.8,
                            "priceWithTax": 1137.8
                        },
                        "offerURL": "https://www.fnac.com/DEALiCASH/srefE9869522-05E3-30C0-5B6C-D67B531A64B4",
                        "fulfillment": "DEALiCASH"
                    },
                    {
                        "offerID": "9b704aff-3a67-1148-a3f5-5d8f22920571",
                        "sellerType": "professional",
                        "seller": "DigiNext",
                        "sellerID": "8b7b5bdd-5109-02fe-81ef-529a4e70e8d3",
                        "sellerLocation": "European",
                        "condition": "like-new",
                        "price": {
                            "basePrice": 508.99,
                            "basePriceWithTax": 508.99,
                            "currency": "EUR",
                            "taxRate": 0.0,
                            "discount": 0.0,
                            "shipping": 0.0,
                            "shippingMethod": "2",
                            "shippingMethodID": "2",
                            "price": 508.99,
                            "priceWithTax": 508.99
                        },
                        "offerURL": "https://www.fnac.com/DigiNext/sref8B7B5BDD-5109-02FE-81EF-529A4E70E8D3",
                        "fulfillment": "DigiNext"
                    },
                    {
                        "offerID": "96e4c15e-9293-45df-4742-f82943fe1444",
                        "sellerType": "professional",
                        "seller": "Qter",
                        "sellerID": "1a58c028-dca4-2bb6-cb7f-6727f4c9fbcc",
                        "sellerLocation": "Local",
                        "condition": "like-new",
                        "price": {
                            "basePrice": 519.99,
                            "basePriceWithTax": 519.99,
                            "currency": "EUR",
                            "taxRate": 0.0,
                            "discount": 0.0,
                            "shipping": 0.0,
                            "shippingMethod": "2",
                            "shippingMethodID": "2",
                            "price": 519.99,
                            "priceWithTax": 519.99
                        },
                        "offerURL": "https://www.fnac.com/Qter/sref1A58C028-DCA4-2BB6-CB7F-6727F4C9FBCC",
                        "fulfillment": "Qter"
                    },
                    {
                        "offerID": "c9d411e3-666e-3a2b-ba40-4e462a893ea9",
                        "sellerType": "professional",
                        "seller": "Spicydeals",
                        "sellerID": "0b9bbef0-d937-2765-2669-29f7006ef6ce",
                        "sellerLocation": "Other",
                        "condition": "very-good",
                        "price": {
                            "basePrice": 618.22,
                            "basePriceWithTax": 618.22,
                            "currency": "EUR",
                            "taxRate": 0.0,
                            "discount": 0.0,
                            "shipping": 0.0,
                            "shippingMethod": "2",
                            "shippingMethodID": "2",
                            "price": 618.22,
                            "priceWithTax": 618.22
                        },
                        "offerURL": "https://www.fnac.com/Spicydeals/sref0B9BBEF0-D937-2765-2669-29F7006EF6CE",
                        "fulfillment": "Spicydeals"
                    },
                    {
                        "offerID": "30fce30b-3d8a-f461-56bf-5145124ff140",
                        "sellerType": "professional",
                        "seller": "Fnac Lille",
                        "sellerID": "f9638f60-0782-fa87-1394-46dd4bcd3506",
                        "sellerLocation": "Local",
                        "condition": "good",
                        "price": {
                            "basePrice": 773.0,
                            "basePriceWithTax": 773.0,
                            "currency": "EUR",
                            "taxRate": 0.0,
                            "discount": 0.17983182406209572,
                            "shipping": 0.0,
                            "shippingMethod": "2",
                            "shippingMethodID": "2",
                            "price": 633.99,
                            "priceWithTax": 633.99
                        },
                        "offerURL": "https://www.fnac.com/Fnac-Lille/srefF9638F60-0782-FA87-1394-46DD4BCD3506",
                        "fulfillment": "Fnac Lille"
                    },
                    {
                        "offerID": "77bcf017-4275-0cd1-6260-f038ef332ae6",
                        "sellerType": "professional",
                        "seller": "Fnac Carré Sénart",
                        "sellerID": "dd3cad55-1b86-57f0-52ee-bda9c4aa1402",
                        "sellerLocation": "Other",
                        "condition": "good",
                        "price": {
                            "basePrice": 773.0,
                            "basePriceWithTax": 773.0,
                            "currency": "EUR",
                            "taxRate": 0.0,
                            "discount": 0.17983182406209572,
                            "shipping": 0.0,
                            "shippingMethod": "2",
                            "shippingMethodID": "2",
                            "price": 633.99,
                            "priceWithTax": 633.99
                        },
                        "offerURL": "https://www.fnac.com/Fnac-Carre-Senart/srefDD3CAD55-1B86-57F0-52EE-BDA9C4AA1402",
                        "fulfillment": "Fnac Carré Sénart"
                    },
                    {
                        "offerID": "b1af065d-c9c6-3fda-53ab-139de2c893f4",
                        "sellerType": "professional",
                        "seller": "Fnac Thiais",
                        "sellerID": "c13e7325-10bb-bb63-8b00-f2beb4c8e8dd",
                        "sellerLocation": "Other",
                        "condition": "good",
                        "price": {
                            "basePrice": 773.0,
                            "basePriceWithTax": 773.0,
                            "currency": "EUR",
                            "taxRate": 0.0,
                            "discount": 0.17983182406209572,
                            "shipping": 0.0,
                            "shippingMethod": "2",
                            "shippingMethodID": "2",
                            "price": 633.99,
                            "priceWithTax": 633.99
                        },
                        "offerURL": "https://www.fnac.com/Fnac-Thiais/srefC13E7325-10BB-BB63-8B00-F2BEB4C8E8DD",
                        "fulfillment": "Fnac Thiais"
                    },
                    {
                        "offerID": "65c2ba7b-b538-0fc4-de45-2d0e4f54c6e8",
                        "sellerType": "professional",
                        "seller": "Fnac Ternes",
                        "sellerID": "a466f168-c8bf-ade2-a8d3-9150172c9cc6",
                        "sellerLocation": "Local",
                        "condition": "good",
                        "price": {
                            "basePrice": 773.0,
                            "basePriceWithTax": 773.0,
                            "currency": "EUR",
                            "taxRate": 0.0,
                            "discount": 0.17983182406209572,
                            "shipping": 0.0,
                            "shippingMethod": "2",
                            "shippingMethodID": "2",
                            "price": 633.99,
                            "priceWithTax": 633.99
                        },
                        "offerURL": "https://www.fnac.com/Fnac-Ternes/srefA466F168-C8BF-ADE2-A8D3-9150172C9CC6",
                        "fulfillment": "Fnac Ternes"
                    },
                    {
                        "offerID": "ea1e5d04-126e-78de-e08e-8dc26838ed95",
                        "sellerType": "professional",
                        "seller": "Fnac Thiais",
                        "sellerID": "c13e7325-10bb-bb63-8b00-f2beb4c8e8dd",
                        "sellerLocation": "Other",
                        "condition": "very-good",
                        "price": {
                            "basePrice": 773.0,
                            "basePriceWithTax": 773.0,
                            "currency": "EUR",
                            "taxRate": 0.0,
                            "discount": 0.1604269081500647,
                            "shipping": 0.0,
                            "shippingMethod": "2",
                            "shippingMethodID": "2",
                            "price": 648.99,
                            "priceWithTax": 648.99
                        },
                        "offerURL": "https://www.fnac.com/Fnac-Thiais/srefC13E7325-10BB-BB63-8B00-F2BEB4C8E8DD",
                        "fulfillment": "Fnac Thiais"
                    },
                    {
                        "offerID": "eae413c2-ced5-48e5-5724-d7336fabcce3",
                        "sellerType": "professional",
                        "seller": "Fnac Parinor",
                        "sellerID": "1b303b2f-b69c-5f0d-8c2f-74b7dc2995e3",
                        "sellerLocation": "Local",
                        "condition": "very-good",
                        "price": {
                            "basePrice": 773.0,
                            "basePriceWithTax": 773.0,
                            "currency": "EUR",
                            "taxRate": 0.0,
                            "discount": 0.1604269081500647,
                            "shipping": 0.0,
                            "shippingMethod": "2",
                            "shippingMethodID": "2",
                            "price": 648.99,
                            "priceWithTax": 648.99
                        },
                        "offerURL": "https://www.fnac.com/Fnac-Parinor/sref1B303B2F-B69C-5F0D-8C2F-74B7DC2995E3",
                        "fulfillment": "Fnac Parinor"
                    },
                    {
                        "offerID": "2cace3f7-fd1d-e966-c1f3-f09c8e71c313",
                        "sellerType": "professional",
                        "seller": "Fnac Cergy",
                        "sellerID": "c4b07a2f-01f1-e482-a231-f806d712f9f1",
                        "sellerLocation": "Other",
                        "condition": "very-good",
                        "price": {
                            "basePrice": 773.0,
                            "basePriceWithTax": 773.0,
                            "currency": "EUR",
                            "taxRate": 0.0,
                            "discount": 0.1604269081500647,
                            "shipping": 0.0,
                            "shippingMethod": "2",
                            "shippingMethodID": "2",
                            "price": 648.99,
                            "priceWithTax": 648.99
                        },
                        "offerURL": "https://www.fnac.com/Fnac-Cergy/srefC4B07A2F-01F1-E482-A231-F806D712F9F1",
                        "fulfillment": "Fnac Cergy"
                    },
                    {
                        "offerID": "1582c082-3b98-c657-1ba5-b2746adf0148",
                        "sellerType": "professional",
                        "seller": "Fnac Le Mans",
                        "sellerID": "f06f4b4e-1da0-66d9-d9f7-0cd83d13a4cb",
                        "sellerLocation": "Other",
                        "condition": "very-good",
                        "price": {
                            "basePrice": 773.0,
                            "basePriceWithTax": 773.0,
                            "currency": "EUR",
                            "taxRate": 0.0,
                            "discount": 0.1604269081500647,
                            "shipping": 0.0,
                            "shippingMethod": "2",
                            "shippingMethodID": "2",
                            "price": 648.99,
                            "priceWithTax": 648.99
                        },
                        "offerURL": "https://www.fnac.com/Fnac-Le-Mans/srefF06F4B4E-1DA0-66D9-D9F7-0CD83D13A4CB",
                        "fulfillment": "Fnac Le Mans"
                    },
                    {
                        "offerID": "07afa202-e1c3-5a2c-f373-bbba20743a64",
                        "sellerType": "professional",
                        "seller": "RPSTechnologies",
                        "sellerID": "eed20d12-ff6b-e571-fbf6-c8103f502bde",
                        "sellerLocation": "Other",
                        "condition": "good",
                        "price": {
                            "basePrice": 659.0,
                            "basePriceWithTax": 659.0,
                            "currency": "EUR",
                            "taxRate": 0.0,
                            "discount": 0.0,
                            "shipping": 8.29,
                            "shippingMethod": "2",
                            "shippingMethodID": "2",
                            "price": 659.0,
                            "priceWithTax": 659.0
                        },
                        "offerURL": "https://www.fnac.com/RPSTechnologies/srefEED20D12-FF6B-E571-FBF6-C8103F502BDE",
                        "fulfillment": "RPSTechnologies"
                    },
                    {
                        "offerID": "1c82cae4-5da8-6810-eab3-9ca4e3fbde47",
                        "sellerType": "professional",
                        "seller": "RPSTechnologies",
                        "sellerID": "eed20d12-ff6b-e571-fbf6-c8103f502bde",
                        "sellerLocation": "Other",
                        "condition": "very-good",
                        "price": {
                            "basePrice": 665.0,
                            "basePriceWithTax": 665.0,
                            "currency": "EUR",
                            "taxRate": 0.0,
                            "discount": 0.0,
                            "shipping": 8.29,
                            "shippingMethod": "2",
                            "shippingMethodID": "2",
                            "price": 665.0,
                            "priceWithTax": 665.0
                        },
                        "offerURL": "https://www.fnac.com/RPSTechnologies/srefEED20D12-FF6B-E571-FBF6-C8103F502BDE",
                        "fulfillment": "RPSTechnologies"
                    },
                    {
                        "offerID": "59659025-e09e-e09d-1bda-46f7a5f50593",
                        "sellerType": "professional",
                        "seller": "RPSTechnologies",
                        "sellerID": "eed20d12-ff6b-e571-fbf6-c8103f502bde",
                        "sellerLocation": "Other",
                        "condition": "like-new",
                        "price": {
                            "basePrice": 669.0,
                            "basePriceWithTax": 669.0,
                            "currency": "EUR",
                            "taxRate": 0.0,
                            "discount": 0.0,
                            "shipping": 8.29,
                            "shippingMethod": "2",
                            "shippingMethodID": "2",
                            "price": 669.0,
                            "priceWithTax": 669.0
                        },
                        "offerURL": "https://www.fnac.com/RPSTechnologies/srefEED20D12-FF6B-E571-FBF6-C8103F502BDE",
                        "fulfillment": "RPSTechnologies"
                    },
                    {
                        "offerID": "1b87be62-7cbd-c495-a389-444318010275",
                        "sellerType": "professional",
                        "seller": "Fnac Parinor",
                        "sellerID": "1b303b2f-b69c-5f0d-8c2f-74b7dc2995e3",
                        "sellerLocation": "Local",
                        "condition": "like-new",
                        "price": {
                            "basePrice": 773.0,
                            "basePriceWithTax": 773.0,
                            "currency": "EUR",
                            "taxRate": 0.0,
                            "discount": 0.08021992238033636,
                            "shipping": 0.0,
                            "shippingMethod": "2",
                            "shippingMethodID": "2",
                            "price": 710.99,
                            "priceWithTax": 710.99
                        },
                        "offerURL": "https://www.fnac.com/Fnac-Parinor/sref1B303B2F-B69C-5F0D-8C2F-74B7DC2995E3",
                        "fulfillment": "Fnac Parinor"
                    },
                    {
                        "offerID": "b8751630-fc7f-5808-2aa9-72f59481167c",
                        "sellerType": "professional",
                        "seller": "Fnac Herblay",
                        "sellerID": "d4d4e805-daf8-c189-2fe8-67b67f58982d",
                        "sellerLocation": "Other",
                        "condition": "like-new",
                        "price": {
                            "basePrice": 773.0,
                            "basePriceWithTax": 773.0,
                            "currency": "EUR",
                            "taxRate": 0.0,
                            "discount": 0.08021992238033636,
                            "shipping": 0.0,
                            "shippingMethod": "2",
                            "shippingMethodID": "2",
                            "price": 710.99,
                            "priceWithTax": 710.99
                        },
                        "offerURL": "https://www.fnac.com/Fnac-Herblay/srefD4D4E805-DAF8-C189-2FE8-67B67F58982D",
                        "fulfillment": "Fnac Herblay"
                    },
                    {
                        "offerID": "6fed658c-cde7-7b76-3cd0-b69272ff60ec",
                        "sellerType": "professional",
                        "seller": "mobilerecycle31",
                        "sellerID": "52a14dad-bc4b-d4d7-3913-fbaca65040e9",
                        "sellerLocation": "Other",
                        "condition": "good",
                        "price": {
                            "basePrice": 1100.0,
                            "basePriceWithTax": 1100.0,
                            "currency": "EUR",
                            "taxRate": 0.0,
                            "discount": 0.0,
                            "shipping": 8.29,
                            "shippingMethod": "2",
                            "shippingMethodID": "2",
                            "price": 1100.0,
                            "priceWithTax": 1100.0
                        },
                        "offerURL": "https://www.fnac.com/mobilerecycle31/sref52A14DAD-BC4B-D4D7-3913-FBACA65040E9",
                        "fulfillment": "mobilerecycle31"
                    },
                    {
                        "offerID": "ffe26ed8-fd3b-d2bb-79ec-20cd67d64f89",
                        "sellerType": "professional",
                        "seller": "mobilerecycle31",
                        "sellerID": "52a14dad-bc4b-d4d7-3913-fbaca65040e9",
                        "sellerLocation": "Other",
                        "condition": "acceptable",
                        "price": {
                            "basePrice": 1100.0,
                            "basePriceWithTax": 1100.0,
                            "currency": "EUR",
                            "taxRate": 0.0,
                            "discount": 0.0,
                            "shipping": 8.29,
                            "shippingMethod": "2",
                            "shippingMethodID": "2",
                            "price": 1100.0,
                            "priceWithTax": 1100.0
                        },
                        "offerURL": "https://www.fnac.com/mobilerecycle31/sref52A14DAD-BC4B-D4D7-3913-FBACA65040E9",
                        "fulfillment": "mobilerecycle31"
                    }
                ],
                "offerID": "00000000-0000-0000-0000-000000000000",
                "sellerType": "fnac",
                "sellerName": "FNAC.COM",
                "sellerID": "00000000-0000-0000-0000-000000000000",
                "sellerLocation": "Other",
                "condition": "new",
                "availability": "En Stock",
                "availabilityType": "in-stock",
                "availabilityID": "199"
            },
            "category": {
                "primaryCategoryID": "29",
                "subCategory1": "Téléphone Mobile",
                "subCategory1ID": "16049"
            },
            "linkedProduct": [],
            "price": {
                "basePrice": 721.61,
                "basePriceWithTax": 869.0,
                "currency": "EUR",
                "taxRate": 0.16666450196771135,
                "discount": 0.11086346471423787,
                "shipping": 0.0,
                "shippingMethod": "Standard",
                "shippingMethodID": "1",
                "price": 641.61,
                "priceWithTax": 773.0
            }
        }
    ]
}