{
    "$schema": "https://www.fnac.com/json-schema/digital-data/custom-ceddl-01",
    "pageInstanceID": "production-fnaccom-fr-fr-FR-a19813461",
    "page": {
        "pageInfo": {
            "pageID": "a19813461",
            "pageName": "Apple iPhone 16 Plus 6,7\" 5G 512 Go Double SIM Noir",
            "sysEnv": "FCS1WPWEBFR3",
            "breadCrumbs": [
                "Accueil",
                "Smartphones et Objets Connectés",
                "iPhone",
                "Apple iPhone 16 Plus 6,7\" 5G 512 Go Double SIM Noir"
            ],
            "version": "22.1.25185.5",
            "issueDate": "2025-07-16T15:21:40.7501290Z",
            "destinationURL": "https://www.fnac.com/Apple-iPhone-16-Plus-6-7-5G-512-Go-Double-SIM-Noir/a19813461/w-4",
            "referringURL": "https://www.fnac.com/",
            "language": "fr-FR"
        },
        "attributes": {
            "environment": "production",
            "deviceType": "desktop-web",
            "siteID": "fnaccom",
            "marketID": "fr",
            "statusCode": 200,
            "statusText": "OK",
            "entityID": "1-19813461",
            "entityName": "Apple iPhone 16 Plus 6,7\" 5G 512 Go Double SIM Noir"
        },
        "category": {
            "pageTemplate": "~/Nav/Core/Views/Article/Index.cshtml",
            "pageType": "product-page",
            "pathID": "56549",
            "primaryCategory": "Smartphones et Objets Connectés",
            "primaryCategoryID": "9455041",
            "virtualPrimaryCategoryID": "-54"
        }
    },
    "product": [
        {
            "productInfo": {
                "productID": "19813461",
                "productName": "Apple iPhone 16 Plus 6,7\" 5G 512 Go Double SIM Noir",
                "description": "iPhone 16 Plus. Conçu pour Apple Intelligence1.Super rapide. Ultra-brillante.Commande de l’appareil photo. Le contrôle à portée de main.Si éclatant. Si brillant. iPhone 16 Plus. Conçu pour Apple Intelligence1. Avec Commande de l’appareil photo. Caméra Fusion 48 Mpx. Cinq couleurs éclatantes. Et la puce A18.  CONÇU POUR APPLE INTELLIGENCEPersonnelle, privée, puissante. Pour écrire, vous exprimer et en faire plus sans effort1. COMMANDE DE L’APPAREIL PHOTO. LE CONTRÔLE À PORTÉE DE MAINCommande de l’appareil photo vous offre un accès plus rapide...",
                "productURL": "https://www.fnac.com/Apple-iPhone-16-Plus-6-7-5G-512-Go-Double-SIM-Noir/a19813461/w-4",
                "manufacturer": "Apple",
                "sku": "9278883",
                "gtin": "0195949724169",
                "mpn": "MY1P3ZD/A"
            },
            "attributes": {
                "catalog": "newref",
                "nature": "physic",
                "type": "good",
                "currentOffer": {
                    "offerID": "00000000-0000-0000-0000-000000000000",
                    "sellerType": "fnac",
                    "seller": "FNAC.COM",
                    "sellerID": "00000000-0000-0000-0000-000000000000",
                    "sellerLocation": "Other",
                    "condition": "new",
                    "price": {
                        "basePrice": 1399.93,
                        "basePriceWithTax": 1399.93,
                        "currency": "EUR",
                        "taxRate": 0.0,
                        "discount": 0.0,
                        "shipping": 0.0,
                        "shippingMethod": "2",
                        "shippingMethodID": "2",
                        "price": 1399.93,
                        "priceWithTax": 1399.93
                    },
                    "offerURL": "https://www.fnac.com/FNAC-COM/sref00000000-0000-0000-0000-000000000000",
                    "fulfillment": "FNAC.COM"
                },
                "salesCategory": "5",
                "labRating": 5.0,
                "offer": [
                    {
                        "offerID": "00000000-0000-0000-0000-000000000000",
                        "sellerType": "fnac",
                        "seller": "FNAC.COM",
                        "sellerID": "00000000-0000-0000-0000-000000000000",
                        "sellerLocation": "Other",
                        "condition": "new",
                        "price": {
                            "basePrice": 1399.93,
                            "basePriceWithTax": 1399.93,
                            "currency": "EUR",
                            "taxRate": 0.0,
                            "discount": 0.0,
                            "shipping": 0.0,
                            "shippingMethod": "2",
                            "shippingMethodID": "2",
                            "price": 1399.93,
                            "priceWithTax": 1399.93
                        },
                        "offerURL": "https://www.fnac.com/FNAC-COM/sref00000000-0000-0000-0000-000000000000",
                        "fulfillment": "FNAC.COM"
                    },
                    {
                        "offerID": "dcc3d093-740e-7da2-a86c-ebbce6193e83",
                        "sellerType": "professional",
                        "seller": "Rev Digital FR",
                        "sellerID": "17c3e886-500d-96a0-58dd-04e64cac6cf6",
                        "sellerLocation": "European",
                        "condition": "like-new",
                        "price": {
                            "basePrice": 1087.0,
                            "basePriceWithTax": 1087.0,
                            "currency": "EUR",
                            "taxRate": 0.0,
                            "discount": 0.0,
                            "shipping": 0.0,
                            "shippingMethod": "2",
                            "shippingMethodID": "2",
                            "price": 1087.0,
                            "priceWithTax": 1087.0
                        },
                        "offerURL": "https://www.fnac.com/Rev-Digital-FR/sref17C3E886-500D-96A0-58DD-04E64CAC6CF6",
                        "fulfillment": "Rev Digital FR"
                    }
                ],
                "offerID": "00000000-0000-0000-0000-000000000000",
                "sellerType": "fnac",
                "sellerName": "FNAC.COM",
                "sellerID": "00000000-0000-0000-0000-000000000000",
                "sellerLocation": "Other",
                "condition": "new",
                "availability": "En Stock",
                "availabilityType": "in-stock",
                "availabilityID": "199"
            },
            "category": {
                "primaryCategoryID": "29",
                "subCategory1": "Téléphone Mobile",
                "subCategory1ID": "16049"
            },
            "linkedProduct": [],
            "price": {
                "basePrice": 1246.61,
                "basePriceWithTax": 1499.0,
                "currency": "EUR",
                "taxRate": 0.1666654761309494,
                "discount": 0.06417412579465617,
                "shipping": 0.0,
                "shippingMethod": "Standard",
                "shippingMethodID": "1",
                "price": 1166.61,
                "priceWithTax": 1403.0
            }
        }
    ]
}