{
    "$schema": "https://www.fnac.com/json-schema/digital-data/custom-ceddl-01",
    "pageInstanceID": "production-fnaccom-fr-fr-FR-a18573442",
    "page": {
        "pageInfo": {
            "pageID": "a18573442",
            "pageName": "Apple iPhone 15 6,1\" 5G Double SIM 512 Go Noir",
            "sysEnv": "FCS1WPWEBFR11",
            "breadCrumbs": [
                "Accueil",
                "Smartphones et Objets Connectés",
                "iPhone",
                "Apple iPhone 15 6,1\" 5G Double SIM 512 Go Noir"
            ],
            "version": "22.1.25185.5",
            "issueDate": "2025-07-16T14:39:19.2573212Z",
            "destinationURL": "https://www.fnac.com/Apple-iPhone-15-6-1-5G-Double-SIM-512-Go-Noir/a18573442/w-4",
            "referringURL": "https://www.fnac.com/",
            "language": "fr-FR"
        },
        "attributes": {
            "environment": "production",
            "deviceType": "desktop-web",
            "siteID": "fnaccom",
            "marketID": "fr",
            "statusCode": 200,
            "statusText": "OK",
            "entityID": "1-18573442",
            "entityName": "Apple iPhone 15 6,1\" 5G Double SIM 512 Go Noir"
        },
        "category": {
            "pageTemplate": "~/Nav/Core/Views/Article/Index.cshtml",
            "pageType": "product-page",
            "pathID": "56549",
            "primaryCategory": "Smartphones et Objets Connectés",
            "primaryCategoryID": "9455041",
            "virtualPrimaryCategoryID": "-54"
        }
    },
    "product": [
        {
            "productInfo": {
                "productID": "18573442",
                "productName": "Apple iPhone 15 6,1\" 5G Double SIM 512 Go Noir",
                "description": "&bull; DYNAMIC ISLAND ARRIVE SUR L&rsquo;IPHONE 15 &ndash; Dynamic Island fait remonter vos alertes et Activit&eacute;s en direct, pour que rien ne vous &eacute;chappe quand vous avez l&rsquo;esprit ailleurs. Voyez qui vous appelle, v&eacute;rifiez le statut de votre vol et faites bien plus encore.&bull; DESIGN INNOVANT &ndash; L&rsquo;iPhone 15 pr&eacute;sente un design r&eacute;sistant en aluminium et verre teint&eacute; dans la masse. Il r&eacute;siste aux &eacute;claboussures, &agrave; l&rsquo;eau et &agrave; la poussi&egrave;re. Sa face...",
                "productURL": "https://www.fnac.com/Apple-iPhone-15-6-1-5G-Double-SIM-512-Go-Noir/a18573442/w-4",
                "manufacturer": "Apple",
                "sku": "9268205",
                "gtin": "0195949037863",
                "mpn": "MTPC3ZD/A"
            },
            "attributes": {
                "catalog": "newref",
                "nature": "physic",
                "type": "good",
                "currentOffer": {
                    "offerID": "00000000-0000-0000-0000-000000000000",
                    "sellerType": "fnac",
                    "seller": "FNAC.COM",
                    "sellerID": "00000000-0000-0000-0000-000000000000",
                    "sellerLocation": "Other",
                    "condition": "new",
                    "price": {
                        "basePrice": 1149.93,
                        "basePriceWithTax": 1149.93,
                        "currency": "EUR",
                        "taxRate": 0.0,
                        "discount": 0.0,
                        "shipping": 0.0,
                        "shippingMethod": "2",
                        "shippingMethodID": "2",
                        "price": 1149.93,
                        "priceWithTax": 1149.93
                    },
                    "offerURL": "https://www.fnac.com/FNAC-COM/sref00000000-0000-0000-0000-000000000000",
                    "fulfillment": "FNAC.COM"
                },
                "salesCategory": "5",
                "labRating": 4.0,
                "offer": [
                    {
                        "offerID": "00000000-0000-0000-0000-000000000000",
                        "sellerType": "fnac",
                        "seller": "FNAC.COM",
                        "sellerID": "00000000-0000-0000-0000-000000000000",
                        "sellerLocation": "Other",
                        "condition": "new",
                        "price": {
                            "basePrice": 1149.93,
                            "basePriceWithTax": 1149.93,
                            "currency": "EUR",
                            "taxRate": 0.0,
                            "discount": 0.0,
                            "shipping": 0.0,
                            "shippingMethod": "2",
                            "shippingMethodID": "2",
                            "price": 1149.93,
                            "priceWithTax": 1149.93
                        },
                        "offerURL": "https://www.fnac.com/FNAC-COM/sref00000000-0000-0000-0000-000000000000",
                        "fulfillment": "FNAC.COM"
                    },
                    {
                        "offerID": "39c35edf-be47-6d92-10fc-365708a9184c",
                        "sellerType": "professional",
                        "seller": "KINGTONG",
                        "sellerID": "819501cf-9e80-3c26-508e-1328173069cc",
                        "sellerLocation": "European",
                        "condition": "like-new",
                        "price": {
                            "basePrice": 599.0,
                            "basePriceWithTax": 599.0,
                            "currency": "EUR",
                            "taxRate": 0.0,
                            "discount": 0.0,
                            "shipping": 0.0,
                            "shippingMethod": "2",
                            "shippingMethodID": "2",
                            "price": 599.0,
                            "priceWithTax": 599.0
                        },
                        "offerURL": "https://www.fnac.com/KINGTONG/sref819501CF-9E80-3C26-508E-1328173069CC",
                        "fulfillment": "FNAC.COM"
                    },
                    {
                        "offerID": "416106d4-98ba-5cdb-d149-46c7e3107652",
                        "sellerType": "professional",
                        "seller": "Win Electornic",
                        "sellerID": "c4c0fe66-2dd4-76d7-4619-8605ab66c6ac",
                        "sellerLocation": "Local",
                        "condition": "like-new",
                        "price": {
                            "basePrice": 618.9,
                            "basePriceWithTax": 618.9,
                            "currency": "EUR",
                            "taxRate": 0.0,
                            "discount": 0.0,
                            "shipping": 0.0,
                            "shippingMethod": "2",
                            "shippingMethodID": "2",
                            "price": 618.9,
                            "priceWithTax": 618.9
                        },
                        "offerURL": "https://www.fnac.com/Win-Electornic/srefC4C0FE66-2DD4-76D7-4619-8605AB66C6AC",
                        "fulfillment": "FNAC.COM"
                    },
                    {
                        "offerID": "e58a27a3-d0c3-0d13-d3ce-ac979a2f9ccd",
                        "sellerType": "professional",
                        "seller": "AMOSTECH",
                        "sellerID": "f4c277c8-4397-98f7-f5ab-53fabf1006cd",
                        "sellerLocation": "European",
                        "condition": "like-new",
                        "price": {
                            "basePrice": 599.0,
                            "basePriceWithTax": 599.0,
                            "currency": "EUR",
                            "taxRate": 0.0,
                            "discount": 0.0,
                            "shipping": 0.0,
                            "shippingMethod": "2",
                            "shippingMethodID": "2",
                            "price": 599.0,
                            "priceWithTax": 599.0
                        },
                        "offerURL": "https://www.fnac.com/AMOSTECH/srefF4C277C8-4397-98F7-F5AB-53FABF1006CD",
                        "fulfillment": "FNAC.COM"
                    },
                    {
                        "offerID": "b4923f3a-1850-75c4-1f18-8fdb20d8f19d",
                        "sellerType": "professional",
                        "seller": "Bafobu",
                        "sellerID": "290e278b-a077-deff-dbb8-8ab6babce5a7",
                        "sellerLocation": "European",
                        "condition": "acceptable",
                        "price": {
                            "basePrice": 705.12,
                            "basePriceWithTax": 705.12,
                            "currency": "EUR",
                            "taxRate": 0.0,
                            "discount": 0.0,
                            "shipping": 0.0,
                            "shippingMethod": "2",
                            "shippingMethodID": "2",
                            "price": 705.12,
                            "priceWithTax": 705.12
                        },
                        "offerURL": "https://www.fnac.com/Bafobu/sref290E278B-A077-DEFF-DBB8-8AB6BABCE5A7",
                        "fulfillment": "Bafobu"
                    },
                    {
                        "offerID": "5770dd63-9413-2951-4703-0e475436b7ad",
                        "sellerType": "professional",
                        "seller": "Nest Green",
                        "sellerID": "ea4bc972-f940-1d30-d717-5eef3f4d18f5",
                        "sellerLocation": "Local",
                        "condition": "acceptable",
                        "price": {
                            "basePrice": 779.0,
                            "basePriceWithTax": 779.0,
                            "currency": "EUR",
                            "taxRate": 0.0,
                            "discount": 0.0,
                            "shipping": 0.0,
                            "shippingMethod": "2",
                            "shippingMethodID": "2",
                            "price": 779.0,
                            "priceWithTax": 779.0
                        },
                        "offerURL": "https://www.fnac.com/Nest-Green/srefEA4BC972-F940-1D30-D717-5EEF3F4D18F5",
                        "fulfillment": "Nest Green"
                    },
                    {
                        "offerID": "84c4e434-66ef-64ab-d3cf-f21b218c061c",
                        "sellerType": "professional",
                        "seller": "Nest Green",
                        "sellerID": "ea4bc972-f940-1d30-d717-5eef3f4d18f5",
                        "sellerLocation": "Local",
                        "condition": "good",
                        "price": {
                            "basePrice": 779.0,
                            "basePriceWithTax": 779.0,
                            "currency": "EUR",
                            "taxRate": 0.0,
                            "discount": 0.0,
                            "shipping": 0.0,
                            "shippingMethod": "2",
                            "shippingMethodID": "2",
                            "price": 779.0,
                            "priceWithTax": 779.0
                        },
                        "offerURL": "https://www.fnac.com/Nest-Green/srefEA4BC972-F940-1D30-D717-5EEF3F4D18F5",
                        "fulfillment": "Nest Green"
                    },
                    {
                        "offerID": "71ab6e86-fdfd-0761-328c-1e60b7e54e97",
                        "sellerType": "professional",
                        "seller": "Nest Green",
                        "sellerID": "ea4bc972-f940-1d30-d717-5eef3f4d18f5",
                        "sellerLocation": "Local",
                        "condition": "very-good",
                        "price": {
                            "basePrice": 789.0,
                            "basePriceWithTax": 789.0,
                            "currency": "EUR",
                            "taxRate": 0.0,
                            "discount": 0.0,
                            "shipping": 0.0,
                            "shippingMethod": "2",
                            "shippingMethodID": "2",
                            "price": 789.0,
                            "priceWithTax": 789.0
                        },
                        "offerURL": "https://www.fnac.com/Nest-Green/srefEA4BC972-F940-1D30-D717-5EEF3F4D18F5",
                        "fulfillment": "Nest Green"
                    },
                    {
                        "offerID": "5458ae57-f1ad-8a5e-505a-8fd45cfa8d14",
                        "sellerType": "professional",
                        "seller": "Nest Green",
                        "sellerID": "ea4bc972-f940-1d30-d717-5eef3f4d18f5",
                        "sellerLocation": "Local",
                        "condition": "like-new",
                        "price": {
                            "basePrice": 799.0,
                            "basePriceWithTax": 799.0,
                            "currency": "EUR",
                            "taxRate": 0.0,
                            "discount": 0.0,
                            "shipping": 0.0,
                            "shippingMethod": "2",
                            "shippingMethodID": "2",
                            "price": 799.0,
                            "priceWithTax": 799.0
                        },
                        "offerURL": "https://www.fnac.com/Nest-Green/srefEA4BC972-F940-1D30-D717-5EEF3F4D18F5",
                        "fulfillment": "Nest Green"
                    },
                    {
                        "offerID": "b37470a2-ccea-6ff9-c59a-d078e3eb4859",
                        "sellerType": "professional",
                        "seller": "PcPhoneService",
                        "sellerID": "8b47f0e9-f0a8-837a-d1e0-7df9fd46b2fc",
                        "sellerLocation": "Other",
                        "condition": "like-new",
                        "price": {
                            "basePrice": 889.0,
                            "basePriceWithTax": 889.0,
                            "currency": "EUR",
                            "taxRate": 0.0,
                            "discount": 0.0,
                            "shipping": 8.29,
                            "shippingMethod": "2",
                            "shippingMethodID": "2",
                            "price": 889.0,
                            "priceWithTax": 889.0
                        },
                        "offerURL": "https://www.fnac.com/PcPhoneService/sref8B47F0E9-F0A8-837A-D1E0-7DF9FD46B2FC",
                        "fulfillment": "PcPhoneService"
                    },
                    {
                        "offerID": "8d34584d-ccb8-663e-8cef-3fa2c4cbea03",
                        "sellerType": "professional",
                        "seller": "RPSTechnologies",
                        "sellerID": "eed20d12-ff6b-e571-fbf6-c8103f502bde",
                        "sellerLocation": "Other",
                        "condition": "like-new",
                        "price": {
                            "basePrice": 969.0,
                            "basePriceWithTax": 969.0,
                            "currency": "EUR",
                            "taxRate": 0.0,
                            "discount": 0.0,
                            "shipping": 8.29,
                            "shippingMethod": "2",
                            "shippingMethodID": "2",
                            "price": 969.0,
                            "priceWithTax": 969.0
                        },
                        "offerURL": "https://www.fnac.com/RPSTechnologies/srefEED20D12-FF6B-E571-FBF6-C8103F502BDE",
                        "fulfillment": "RPSTechnologies"
                    }
                ],
                "offerID": "00000000-0000-0000-0000-000000000000",
                "sellerType": "fnac",
                "sellerName": "FNAC.COM",
                "sellerID": "00000000-0000-0000-0000-000000000000",
                "sellerLocation": "Other",
                "condition": "new",
                "availability": "En Stock",
                "availabilityType": "in-stock",
                "availabilityID": "199"
            },
            "category": {
                "primaryCategoryID": "29",
                "subCategory1": "Téléphone Mobile",
                "subCategory1ID": "16049"
            },
            "linkedProduct": [],
            "price": {
                "basePrice": 1038.28,
                "basePriceWithTax": 1249.0,
                "currency": "EUR",
                "taxRate": 0.16666231857591332,
                "discount": 0.07705087765765332,
                "shipping": 0.0,
                "shippingMethod": "Standard",
                "shippingMethodID": "1",
                "price": 958.28,
                "priceWithTax": 1153.0
            }
        }
    ]
}