{
    "$schema": "https://www.fnac.com/json-schema/digital-data/custom-ceddl-01",
    "pageInstanceID": "production-fnaccom-fr-fr-FR-a19813592",
    "page": {
        "pageInfo": {
            "pageID": "a19813592",
            "pageName": "Apple iPhone 16 Plus 6,7\" 5G 256 Go Double SIM Noir",
            "sysEnv": "FCS1WPWEBFR17",
            "breadCrumbs": [
                "Accueil",
                "Smartphones et Objets Connectés",
                "Tous les téléphones",
                "Apple iPhone 16 Plus 6,7\" 5G 256 Go Double SIM Noir"
            ],
            "version": "22.1.25185.5",
            "issueDate": "2025-07-16T06:11:59.2988785Z",
            "destinationURL": "https://www.fnac.com/Apple-iPhone-16-Plus-6-7-5G-256-Go-Double-SIM-Noir/a19813592/w-4",
            "referringURL": "https://www.fnac.com/",
            "language": "fr-FR"
        },
        "attributes": {
            "environment": "production",
            "deviceType": "desktop-web",
            "siteID": "fnaccom",
            "marketID": "fr",
            "statusCode": 200,
            "statusText": "OK",
            "entityID": "1-19813592",
            "entityName": "Apple iPhone 16 Plus 6,7\" 5G 256 Go Double SIM Noir"
        },
        "category": {
            "pageTemplate": "~/Nav/Core/Views/Article/Index.cshtml",
            "pageType": "product-page",
            "pathID": "59030",
            "primaryCategory": "Smartphones et Objets Connectés",
            "primaryCategoryID": "9455041",
            "virtualPrimaryCategoryID": "-54"
        }
    },
    "product": [
        {
            "productInfo": {
                "productID": "19813592",
                "productName": "Apple iPhone 16 Plus 6,7\" 5G 256 Go Double SIM Noir",
                "description": "iPhone 16 Plus. Conçu pour Apple Intelligence1.Super rapide. Ultra-brillante.Commande de l’appareil photo. Le contrôle à portée de main.Si éclatant. Si brillant. iPhone 16 Plus. Conçu pour Apple Intelligence1. Avec Commande de l’appareil photo. Caméra Fusion 48 Mpx. Cinq couleurs éclatantes. Et la puce A18.  CONÇU POUR APPLE INTELLIGENCEPersonnelle, privée, puissante. Pour écrire, vous exprimer et en faire plus sans effort1. COMMANDE DE L’APPAREIL PHOTO. LE CONTRÔLE À PORTÉE DE MAINCommande de l’appareil photo vous offre un accès plus rapide...",
                "productURL": "https://www.fnac.com/Apple-iPhone-16-Plus-6-7-5G-256-Go-Double-SIM-Noir/a19813592/w-4",
                "manufacturer": "Apple",
                "sku": "9278924",
                "gtin": "0195949723216",
                "mpn": "MXWN3ZD/A"
            },
            "attributes": {
                "catalog": "newref",
                "nature": "physic",
                "type": "good",
                "currentOffer": {
                    "offerID": "00000000-0000-0000-0000-000000000000",
                    "sellerType": "fnac",
                    "seller": "FNAC.COM",
                    "sellerID": "00000000-0000-0000-0000-000000000000",
                    "sellerLocation": "Other",
                    "condition": "new",
                    "price": {
                        "basePrice": 1149.93,
                        "basePriceWithTax": 1149.93,
                        "currency": "EUR",
                        "taxRate": 0.0,
                        "discount": 0.0,
                        "shipping": 0.0,
                        "shippingMethod": "2",
                        "shippingMethodID": "2",
                        "price": 1149.93,
                        "priceWithTax": 1149.93
                    },
                    "offerURL": "https://www.fnac.com/FNAC-COM/sref00000000-0000-0000-0000-000000000000",
                    "fulfillment": "FNAC.COM"
                },
                "salesCategory": "4",
                "userRating": 5.0,
                "labRating": 5.0,
                "offer": [
                    {
                        "offerID": "00000000-0000-0000-0000-000000000000",
                        "sellerType": "fnac",
                        "seller": "FNAC.COM",
                        "sellerID": "00000000-0000-0000-0000-000000000000",
                        "sellerLocation": "Other",
                        "condition": "new",
                        "price": {
                            "basePrice": 1149.93,
                            "basePriceWithTax": 1149.93,
                            "currency": "EUR",
                            "taxRate": 0.0,
                            "discount": 0.0,
                            "shipping": 0.0,
                            "shippingMethod": "2",
                            "shippingMethodID": "2",
                            "price": 1149.93,
                            "priceWithTax": 1149.93
                        },
                        "offerURL": "https://www.fnac.com/FNAC-COM/sref00000000-0000-0000-0000-000000000000",
                        "fulfillment": "FNAC.COM"
                    },
                    {
                        "offerID": "c6c2da2f-efb8-b451-fcf6-dd8fb67f8bcd",
                        "sellerType": "professional",
                        "seller": "Bafobu",
                        "sellerID": "290e278b-a077-deff-dbb8-8ab6babce5a7",
                        "sellerLocation": "European",
                        "condition": "good",
                        "price": {
                            "basePrice": 1047.79,
                            "basePriceWithTax": 1047.79,
                            "currency": "EUR",
                            "taxRate": 0.0,
                            "discount": 0.0,
                            "shipping": 0.0,
                            "shippingMethod": "2",
                            "shippingMethodID": "2",
                            "price": 1047.79,
                            "priceWithTax": 1047.79
                        },
                        "offerURL": "https://www.fnac.com/Bafobu/sref290E278B-A077-DEFF-DBB8-8AB6BABCE5A7",
                        "fulfillment": "Bafobu"
                    },
                    {
                        "offerID": "bfd7bb8c-b2fc-c649-2427-2a00644926b9",
                        "sellerType": "professional",
                        "seller": "Rev Digital FR",
                        "sellerID": "17c3e886-500d-96a0-58dd-04e64cac6cf6",
                        "sellerLocation": "European",
                        "condition": "like-new",
                        "price": {
                            "basePrice": 1076.0,
                            "basePriceWithTax": 1076.0,
                            "currency": "EUR",
                            "taxRate": 0.0,
                            "discount": 0.0,
                            "shipping": 0.0,
                            "shippingMethod": "2",
                            "shippingMethodID": "2",
                            "price": 1076.0,
                            "priceWithTax": 1076.0
                        },
                        "offerURL": "https://www.fnac.com/Rev-Digital-FR/sref17C3E886-500D-96A0-58DD-04E64CAC6CF6",
                        "fulfillment": "Rev Digital FR"
                    },
                    {
                        "offerID": "f1c14f8b-0aa1-8f39-4275-203decdc0d1b",
                        "sellerType": "professional",
                        "seller": "Fnac Herblay",
                        "sellerID": "d4d4e805-daf8-c189-2fe8-67b67f58982d",
                        "sellerLocation": "Other",
                        "condition": "good",
                        "price": {
                            "basePrice": 1153.0,
                            "basePriceWithTax": 1153.0,
                            "currency": "EUR",
                            "taxRate": 0.0,
                            "discount": 0.18040763226366002,
                            "shipping": 0.0,
                            "shippingMethod": "2",
                            "shippingMethodID": "2",
                            "price": 944.99,
                            "priceWithTax": 944.99
                        },
                        "offerURL": "https://www.fnac.com/Fnac-Herblay/srefD4D4E805-DAF8-C189-2FE8-67B67F58982D",
                        "fulfillment": "Fnac Herblay"
                    },
                    {
                        "offerID": "91a8fa1b-e88e-1e4e-1051-8f95603da314",
                        "sellerType": "professional",
                        "seller": "Fnac Lille",
                        "sellerID": "f9638f60-0782-fa87-1394-46dd4bcd3506",
                        "sellerLocation": "Local",
                        "condition": "good",
                        "price": {
                            "basePrice": 1153.0,
                            "basePriceWithTax": 1153.0,
                            "currency": "EUR",
                            "taxRate": 0.0,
                            "discount": 0.18040763226366002,
                            "shipping": 0.0,
                            "shippingMethod": "2",
                            "shippingMethodID": "2",
                            "price": 944.99,
                            "priceWithTax": 944.99
                        },
                        "offerURL": "https://www.fnac.com/Fnac-Lille/srefF9638F60-0782-FA87-1394-46DD4BCD3506",
                        "fulfillment": "Fnac Lille"
                    },
                    {
                        "offerID": "8aaf7e68-3969-d16b-cd99-683dc048ed2d",
                        "sellerType": "professional",
                        "seller": "Fnac Val d'Europe",
                        "sellerID": "9033fed3-0bdc-38dd-a689-e985fa454980",
                        "sellerLocation": "Other",
                        "condition": "like-new",
                        "price": {
                            "basePrice": 1153.0,
                            "basePriceWithTax": 1153.0,
                            "currency": "EUR",
                            "taxRate": 0.0,
                            "discount": 0.07980052038161319,
                            "shipping": 0.0,
                            "shippingMethod": "2",
                            "shippingMethodID": "2",
                            "price": 1060.99,
                            "priceWithTax": 1060.99
                        },
                        "offerURL": "https://www.fnac.com/Fnac-Val-d-Europe/sref9033FED3-0BDC-38DD-A689-E985FA454980",
                        "fulfillment": "Fnac Val d'Europe"
                    }
                ],
                "offerID": "00000000-0000-0000-0000-000000000000",
                "sellerType": "fnac",
                "sellerName": "FNAC.COM",
                "sellerID": "00000000-0000-0000-0000-000000000000",
                "sellerLocation": "Other",
                "condition": "new",
                "availability": "Bientôt en stock, expédié à partir du",
                "availabilityType": "out-of-stock",
                "availabilityID": "198"
            },
            "category": {
                "primaryCategoryID": "29",
                "subCategory1": "Téléphone Mobile",
                "subCategory1ID": "16049"
            },
            "linkedProduct": [],
            "price": {
                "basePrice": 1038.28,
                "basePriceWithTax": 1249.0,
                "currency": "EUR",
                "taxRate": 0.16666231857591332,
                "discount": 0.07705087765765332,
                "shipping": 0.0,
                "shippingMethod": "Standard",
                "shippingMethodID": "1",
                "price": 958.28,
                "priceWithTax": 1153.0
            }
        }
    ]
}