{
    "$schema": "https://www.fnac.com/json-schema/digital-data/custom-ceddl-01",
    "pageInstanceID": "production-fnaccom-fr-fr-FR-a18573417",
    "page": {
        "pageInfo": {
            "pageID": "a18573417",
            "pageName": "Apple iPhone 15 Pro 6,1\" 5G Double SIM 1 To Noir Titanium",
            "sysEnv": "FCS2WPWEBFR13",
            "breadCrumbs": [
                "Accueil",
                "Smartphones et Objets Connectés",
                "Smartphones reconditionnés",
                "iPhone reconditionné",
                "Apple iPhone 15 Pro 6,1\" 5G Double SIM 1 To Noir Titanium"
            ],
            "version": "22.1.25185.5",
            "issueDate": "2025-07-16T04:47:55.3995786Z",
            "destinationURL": "https://www.fnac.com/Apple-iPhone-15-Pro-6-1-5G-Double-SIM-1-To-Noir-Titanium/a18573417/w-4",
            "referringURL": "https://www.fnac.com/",
            "language": "fr-FR"
        },
        "attributes": {
            "environment": "production",
            "deviceType": "desktop-web",
            "siteID": "fnaccom",
            "marketID": "fr",
            "statusCode": 200,
            "statusText": "OK",
            "entityID": "1-18573417",
            "entityName": "Apple iPhone 15 Pro 6,1\" 5G Double SIM 1 To Noir Titanium"
        },
        "category": {
            "pageTemplate": "~/Nav/Core/Views/Article/Index.cshtml",
            "pageType": "product-page",
            "pathID": "520167",
            "primaryCategory": "Smartphones et Objets Connectés",
            "primaryCategoryID": "9455041",
            "virtualPrimaryCategoryID": "-54",
            "subCategory1": "Smartphones reconditionnés",
            "subCategory1ID": "9494896",
            "virtualSubCategory1ID": "9494896"
        }
    },
    "product": [
        {
            "productInfo": {
                "productID": "18573417",
                "productName": "Apple iPhone 15 Pro 6,1\" 5G Double SIM 1 To Noir Titanium",
                "description": "&bull; TAILL&Eacute; DANS LE TITANE &ndash; L&rsquo;iPhone 15 Pro pr&eacute;sente un design en titane de qualit&eacute; a&eacute;rospatiale, &agrave; la fois l&eacute;ger et r&eacute;sistant, et un dos en verre mat textur&eacute;. Il est &eacute;galement dot&eacute; d&rsquo;une face avant Ceramic Shield ultra-robuste et r&eacute;siste aux &eacute;claboussures, &agrave; l&rsquo;eau et &agrave; la poussi&egrave;re.&bull; &Eacute;CRAN AVANC&Eacute; &ndash; L&rsquo;&eacute;cran Super Retina XDR de 6,1&Prime; avec ProMotion pousse les taux de rafra...",
                "productURL": "https://www.fnac.com/Apple-iPhone-15-Pro-6-1-5G-Double-SIM-1-To-Noir-Titanium/a18573417/w-4",
                "manufacturer": "Apple",
                "sku": "9268104",
                "gtin": "0195949020735",
                "mpn": "MTVC3ZD/A"
            },
            "attributes": {
                "catalog": "newref",
                "nature": "physic",
                "type": "good",
                "currentOffer": {
                    "offerID": "00000000-0000-0000-0000-000000000000",
                    "sellerType": "fnac",
                    "seller": "FNAC.COM",
                    "sellerID": "00000000-0000-0000-0000-000000000000",
                    "sellerLocation": "Other",
                    "condition": "new",
                    "price": {
                        "basePrice": 1555.93,
                        "basePriceWithTax": 1555.93,
                        "currency": "EUR",
                        "taxRate": 0.0,
                        "discount": 0.0,
                        "shipping": 0.0,
                        "shippingMethod": "2",
                        "shippingMethodID": "2",
                        "price": 1555.93,
                        "priceWithTax": 1555.93
                    },
                    "offerURL": "https://www.fnac.com/FNAC-COM/sref00000000-0000-0000-0000-000000000000",
                    "fulfillment": "FNAC.COM"
                },
                "salesCategory": "9",
                "labRating": 4.0,
                "offer": [
                    {
                        "offerID": "00000000-0000-0000-0000-000000000000",
                        "sellerType": "fnac",
                        "seller": "FNAC.COM",
                        "sellerID": "00000000-0000-0000-0000-000000000000",
                        "sellerLocation": "Other",
                        "condition": "new",
                        "price": {
                            "basePrice": 1555.93,
                            "basePriceWithTax": 1555.93,
                            "currency": "EUR",
                            "taxRate": 0.0,
                            "discount": 0.0,
                            "shipping": 0.0,
                            "shippingMethod": "2",
                            "shippingMethodID": "2",
                            "price": 1555.93,
                            "priceWithTax": 1555.93
                        },
                        "offerURL": "https://www.fnac.com/FNAC-COM/sref00000000-0000-0000-0000-000000000000",
                        "fulfillment": "FNAC.COM"
                    }
                ],
                "offerID": "00000000-0000-0000-0000-000000000000",
                "sellerType": "fnac",
                "sellerName": "FNAC.COM",
                "sellerID": "00000000-0000-0000-0000-000000000000",
                "sellerLocation": "Other",
                "condition": "new",
                "availability": "En Stock",
                "availabilityType": "in-stock",
                "availabilityID": "199"
            },
            "category": {
                "primaryCategoryID": "29",
                "subCategory1": "Téléphone Mobile",
                "subCategory1ID": "16049"
            },
            "linkedProduct": [],
            "price": {
                "basePrice": 1296.61,
                "basePriceWithTax": 1559.0,
                "currency": "EUR",
                "taxRate": 0.16666559549594134,
                "discount": 0.0,
                "shipping": 0.0,
                "shippingMethod": "Standard",
                "shippingMethodID": "1",
                "price": 1296.61,
                "priceWithTax": 1559.0
            }
        }
    ]
}