{
    "$schema": "https://www.fnac.com/json-schema/digital-data/custom-ceddl-01",
    "pageInstanceID": "production-fnaccom-fr-fr-FR-a19813597",
    "page": {
        "pageInfo": {
            "pageID": "a19813597",
            "pageName": "Apple iPhone 16 6,1\" 5G 512 Go Double SIM Noir",
            "sysEnv": "FCS1WPWEBFR10",
            "breadCrumbs": [
                "Accueil",
                "Smartphones et Objets Connectés",
                "iPhone",
                "Apple iPhone 16 6,1\" 5G 512 Go Double SIM Noir"
            ],
            "version": "22.1.25185.5",
            "issueDate": "2025-07-16T07:59:18.5729884Z",
            "destinationURL": "https://www.fnac.com/Apple-iPhone-16-6-1-5G-512-Go-Double-SIM-Noir/a19813597/w-4",
            "referringURL": "https://www.fnac.com/",
            "language": "fr-FR"
        },
        "attributes": {
            "environment": "production",
            "deviceType": "desktop-web",
            "siteID": "fnaccom",
            "marketID": "fr",
            "statusCode": 200,
            "statusText": "OK",
            "entityID": "1-19813597",
            "entityName": "Apple iPhone 16 6,1\" 5G 512 Go Double SIM Noir"
        },
        "category": {
            "pageTemplate": "~/Nav/Core/Views/Article/Index.cshtml",
            "pageType": "product-page",
            "pathID": "56549",
            "primaryCategory": "Smartphones et Objets Connectés",
            "primaryCategoryID": "9455041",
            "virtualPrimaryCategoryID": "-54"
        }
    },
    "product": [
        {
            "productInfo": {
                "productID": "19813597",
                "productName": "Apple iPhone 16 6,1\" 5G 512 Go Double SIM Noir",
                "description": "iPhone 16. Conçu pour Apple Intelligence.Super rapide. Ultra-brillante.Commande de l’appareil photo. Le contrôle à portée de main.Si éclatant. Si brillant. iPhone 16. Conçu pour Apple Intelligence1. Avec Commande de l’appareil photo. Caméra Fusion 48 Mpx. Cinq couleurs éclatantes. Et la puce A18.  CONÇU POUR APPLE INTELLIGENCEPersonnelle, privée, puissante. Pour écrire, vous exprimer et en faire plus sans effort1. COMMANDE DE L’APPAREIL PHOTO. LE CONTRÔLE À PORTÉE DE MAIN – Commande de l’appareil photo vous offre un accès plus rapide aux...",
                "productURL": "https://www.fnac.com/Apple-iPhone-16-6-1-5G-512-Go-Double-SIM-Noir/a19813597/w-4",
                "manufacturer": "Apple",
                "sku": "9278929",
                "gtin": "0195949823763",
                "mpn": "MYEK3ZD/A"
            },
            "attributes": {
                "catalog": "newref",
                "nature": "physic",
                "type": "good",
                "currentOffer": {
                    "offerID": "00000000-0000-0000-0000-000000000000",
                    "sellerType": "fnac",
                    "seller": "FNAC.COM",
                    "sellerID": "00000000-0000-0000-0000-000000000000",
                    "sellerLocation": "Other",
                    "condition": "new",
                    "price": {
                        "basePrice": 1249.93,
                        "basePriceWithTax": 1249.93,
                        "currency": "EUR",
                        "taxRate": 0.0,
                        "discount": 0.0,
                        "shipping": 0.0,
                        "shippingMethod": "2",
                        "shippingMethodID": "2",
                        "price": 1249.93,
                        "priceWithTax": 1249.93
                    },
                    "offerURL": "https://www.fnac.com/FNAC-COM/sref00000000-0000-0000-0000-000000000000",
                    "fulfillment": "FNAC.COM"
                },
                "salesCategory": "5",
                "userRating": 5.0,
                "labRating": 5.0,
                "offer": [
                    {
                        "offerID": "00000000-0000-0000-0000-000000000000",
                        "sellerType": "fnac",
                        "seller": "FNAC.COM",
                        "sellerID": "00000000-0000-0000-0000-000000000000",
                        "sellerLocation": "Other",
                        "condition": "new",
                        "price": {
                            "basePrice": 1249.93,
                            "basePriceWithTax": 1249.93,
                            "currency": "EUR",
                            "taxRate": 0.0,
                            "discount": 0.0,
                            "shipping": 0.0,
                            "shippingMethod": "2",
                            "shippingMethodID": "2",
                            "price": 1249.93,
                            "priceWithTax": 1249.93
                        },
                        "offerURL": "https://www.fnac.com/FNAC-COM/sref00000000-0000-0000-0000-000000000000",
                        "fulfillment": "FNAC.COM"
                    },
                    {
                        "offerID": "be56a23e-660e-d278-200b-72d79ac44b08",
                        "sellerType": "professional",
                        "seller": "CoolKK",
                        "sellerID": "5dd5db6a-91c1-e884-2f7c-3f321f2a19a2",
                        "sellerLocation": "Local",
                        "condition": "like-new",
                        "price": {
                            "basePrice": 899.0,
                            "basePriceWithTax": 899.0,
                            "currency": "EUR",
                            "taxRate": 0.0,
                            "discount": 0.0,
                            "shipping": 0.0,
                            "shippingMethod": "2",
                            "shippingMethodID": "2",
                            "price": 899.0,
                            "priceWithTax": 899.0
                        },
                        "offerURL": "https://www.fnac.com/CoolKK/sref5DD5DB6A-91C1-E884-2F7C-3F321F2A19A2",
                        "fulfillment": "CoolKK"
                    },
                    {
                        "offerID": "77b8785e-5847-259d-a855-3d5ff58a1601",
                        "sellerType": "professional",
                        "seller": "Rev Digital FR",
                        "sellerID": "17c3e886-500d-96a0-58dd-04e64cac6cf6",
                        "sellerLocation": "European",
                        "condition": "like-new",
                        "price": {
                            "basePrice": 1200.0,
                            "basePriceWithTax": 1200.0,
                            "currency": "EUR",
                            "taxRate": 0.0,
                            "discount": 0.0,
                            "shipping": 0.0,
                            "shippingMethod": "2",
                            "shippingMethodID": "2",
                            "price": 1200.0,
                            "priceWithTax": 1200.0
                        },
                        "offerURL": "https://www.fnac.com/Rev-Digital-FR/sref17C3E886-500D-96A0-58DD-04E64CAC6CF6",
                        "fulfillment": "Rev Digital FR"
                    }
                ],
                "offerID": "00000000-0000-0000-0000-000000000000",
                "sellerType": "fnac",
                "sellerName": "FNAC.COM",
                "sellerID": "00000000-0000-0000-0000-000000000000",
                "sellerLocation": "Other",
                "condition": "new",
                "availability": "En Stock",
                "availabilityType": "in-stock",
                "availabilityID": "199"
            },
            "category": {
                "primaryCategoryID": "29",
                "subCategory1": "Téléphone Mobile",
                "subCategory1ID": "16049"
            },
            "linkedProduct": [],
            "price": {
                "basePrice": 1121.61,
                "basePriceWithTax": 1349.0,
                "currency": "EUR",
                "taxRate": 0.16666533325866248,
                "discount": 0.0713261462334594,
                "shipping": 0.0,
                "shippingMethod": "Standard",
                "shippingMethodID": "1",
                "price": 1041.61,
                "priceWithTax": 1253.0
            }
        }
    ]
}