{
    "$schema": "https://www.fnac.com/json-schema/digital-data/custom-ceddl-01",
    "pageInstanceID": "production-fnaccom-fr-fr-FR-a19813594",
    "page": {
        "pageInfo": {
            "pageID": "a19813594",
            "pageName": "Apple iPhone 16 6,1\" 5G 128 Go Double SIM Noir",
            "sysEnv": "FCS1WPWEBFR3",
            "breadCrumbs": [
                "Accueil",
                "Smartphones et Objets Connectés",
                "iPhone",
                "Apple iPhone 16 6,1\" 5G 128 Go Double SIM Noir"
            ],
            "version": "22.1.25185.5",
            "issueDate": "2025-07-16T16:19:31.8373619Z",
            "destinationURL": "https://www.fnac.com/Apple-iPhone-16-6-1-5G-128-Go-Double-SIM-Noir/a19813594/w-4",
            "referringURL": "https://www.fnac.com/",
            "language": "fr-FR"
        },
        "attributes": {
            "environment": "production",
            "deviceType": "desktop-web",
            "siteID": "fnaccom",
            "marketID": "fr",
            "statusCode": 200,
            "statusText": "OK",
            "entityID": "1-19813594",
            "entityName": "Apple iPhone 16 6,1\" 5G 128 Go Double SIM Noir"
        },
        "category": {
            "pageTemplate": "~/Nav/Core/Views/Article/Index.cshtml",
            "pageType": "product-page",
            "pathID": "56549",
            "primaryCategory": "Smartphones et Objets Connectés",
            "primaryCategoryID": "9455041",
            "virtualPrimaryCategoryID": "-54"
        }
    },
    "product": [
        {
            "productInfo": {
                "productID": "19813594",
                "productName": "Apple iPhone 16 6,1\" 5G 128 Go Double SIM Noir",
                "description": "iPhone 16. Conçu pour Apple Intelligence.Super rapide. Ultra-brillante.Commande de l’appareil photo. Le contrôle à portée de main.Si éclatant. Si brillant. iPhone 16. Conçu pour Apple Intelligence1. Avec Commande de l’appareil photo. Caméra Fusion 48 Mpx. Cinq couleurs éclatantes. Et la puce A18.  CONÇU POUR APPLE INTELLIGENCEPersonnelle, privée, puissante. Pour écrire, vous exprimer et en faire plus sans effort1. COMMANDE DE L’APPAREIL PHOTO. LE CONTRÔLE À PORTÉE DE MAIN – Commande de l’appareil photo vous offre un accès plus rapide aux...",
                "productURL": "https://www.fnac.com/Apple-iPhone-16-6-1-5G-128-Go-Double-SIM-Noir/a19813594/w-4",
                "manufacturer": "Apple",
                "sku": "9278926",
                "gtin": "0195949821967",
                "mpn": "MYE73ZD/A"
            },
            "attributes": {
                "catalog": "newref",
                "nature": "physic",
                "type": "good",
                "currentOffer": {
                    "offerID": "00000000-0000-0000-0000-000000000000",
                    "sellerType": "fnac",
                    "seller": "FNAC.COM",
                    "sellerID": "00000000-0000-0000-0000-000000000000",
                    "sellerLocation": "Other",
                    "condition": "new",
                    "price": {
                        "basePrice": 869.93,
                        "basePriceWithTax": 869.93,
                        "currency": "EUR",
                        "taxRate": 0.0,
                        "discount": 0.0,
                        "shipping": 0.0,
                        "shippingMethod": "2",
                        "shippingMethodID": "2",
                        "price": 869.93,
                        "priceWithTax": 869.93
                    },
                    "offerURL": "https://www.fnac.com/FNAC-COM/sref00000000-0000-0000-0000-000000000000",
                    "fulfillment": "FNAC.COM"
                },
                "salesCategory": "1",
                "userRating": 4.5,
                "labRating": 5.0,
                "offer": [
                    {
                        "offerID": "00000000-0000-0000-0000-000000000000",
                        "sellerType": "fnac",
                        "seller": "FNAC.COM",
                        "sellerID": "00000000-0000-0000-0000-000000000000",
                        "sellerLocation": "Other",
                        "condition": "new",
                        "price": {
                            "basePrice": 869.93,
                            "basePriceWithTax": 869.93,
                            "currency": "EUR",
                            "taxRate": 0.0,
                            "discount": 0.0,
                            "shipping": 0.0,
                            "shippingMethod": "2",
                            "shippingMethodID": "2",
                            "price": 869.93,
                            "priceWithTax": 869.93
                        },
                        "offerURL": "https://www.fnac.com/FNAC-COM/sref00000000-0000-0000-0000-000000000000",
                        "fulfillment": "FNAC.COM"
                    },
                    {
                        "offerID": "3033a306-7602-fdef-4d15-268f2a49a4be",
                        "sellerType": "professional",
                        "seller": "CoolKK",
                        "sellerID": "5dd5db6a-91c1-e884-2f7c-3f321f2a19a2",
                        "sellerLocation": "Local",
                        "condition": "like-new",
                        "price": {
                            "basePrice": 708.0,
                            "basePriceWithTax": 708.0,
                            "currency": "EUR",
                            "taxRate": 0.0,
                            "discount": 0.0,
                            "shipping": 0.0,
                            "shippingMethod": "2",
                            "shippingMethodID": "2",
                            "price": 708.0,
                            "priceWithTax": 708.0
                        },
                        "offerURL": "https://www.fnac.com/CoolKK/sref5DD5DB6A-91C1-E884-2F7C-3F321F2A19A2",
                        "fulfillment": "CoolKK"
                    },
                    {
                        "offerID": "124de293-9b36-c8d0-bb50-f232918f2aa3",
                        "sellerType": "professional",
                        "seller": "Rev Digital FR",
                        "sellerID": "17c3e886-500d-96a0-58dd-04e64cac6cf6",
                        "sellerLocation": "European",
                        "condition": "like-new",
                        "price": {
                            "basePrice": 793.0,
                            "basePriceWithTax": 793.0,
                            "currency": "EUR",
                            "taxRate": 0.0,
                            "discount": 0.0,
                            "shipping": 0.0,
                            "shippingMethod": "2",
                            "shippingMethodID": "2",
                            "price": 793.0,
                            "priceWithTax": 793.0
                        },
                        "offerURL": "https://www.fnac.com/Rev-Digital-FR/sref17C3E886-500D-96A0-58DD-04E64CAC6CF6",
                        "fulfillment": "Rev Digital FR"
                    },
                    {
                        "offerID": "04710b77-50fa-1981-1013-935e31402fa1",
                        "sellerType": "professional",
                        "seller": "KINGTONG",
                        "sellerID": "819501cf-9e80-3c26-508e-1328173069cc",
                        "sellerLocation": "European",
                        "condition": "like-new",
                        "price": {
                            "basePrice": 899.0,
                            "basePriceWithTax": 899.0,
                            "currency": "EUR",
                            "taxRate": 0.0,
                            "discount": 0.0,
                            "shipping": 0.0,
                            "shippingMethod": "2",
                            "shippingMethodID": "2",
                            "price": 899.0,
                            "priceWithTax": 899.0
                        },
                        "offerURL": "https://www.fnac.com/KINGTONG/sref819501CF-9E80-3C26-508E-1328173069CC",
                        "fulfillment": "KINGTONG"
                    },
                    {
                        "offerID": "644a7f7f-7abe-bfd9-d165-3e045216abf2",
                        "sellerType": "professional",
                        "seller": "Fnac Parly",
                        "sellerID": "a26709b5-7e8c-e9d7-50d0-5907411b8b16",
                        "sellerLocation": "Other",
                        "condition": "good",
                        "price": {
                            "basePrice": 873.0,
                            "basePriceWithTax": 873.0,
                            "currency": "EUR",
                            "taxRate": 0.0,
                            "discount": 0.12028636884306987,
                            "shipping": 0.0,
                            "shippingMethod": "2",
                            "shippingMethodID": "2",
                            "price": 767.99,
                            "priceWithTax": 767.99
                        },
                        "offerURL": "https://www.fnac.com/Fnac-Parly/srefA26709B5-7E8C-E9D7-50D0-5907411B8B16",
                        "fulfillment": "Fnac Parly"
                    },
                    {
                        "offerID": "d8e4a1ff-73b3-62f9-7a3d-e7e04f374d15",
                        "sellerType": "professional",
                        "seller": "Fnac Bercy",
                        "sellerID": "c90ad1c3-5099-9274-06e1-95abc8badec7",
                        "sellerLocation": "Other",
                        "condition": "good",
                        "price": {
                            "basePrice": 873.0,
                            "basePriceWithTax": 873.0,
                            "currency": "EUR",
                            "taxRate": 0.0,
                            "discount": 0.12028636884306987,
                            "shipping": 0.0,
                            "shippingMethod": "2",
                            "shippingMethodID": "2",
                            "price": 767.99,
                            "priceWithTax": 767.99
                        },
                        "offerURL": "https://www.fnac.com/Fnac-Bercy/srefC90AD1C3-5099-9274-06E1-95ABC8BADEC7",
                        "fulfillment": "Fnac Bercy"
                    },
                    {
                        "offerID": "c2b6af09-4e2f-b0d0-b56e-2915c04f9b75",
                        "sellerType": "professional",
                        "seller": "Fnac St Lazare",
                        "sellerID": "614e8e00-3d26-e000-6574-0c0e771fe282",
                        "sellerLocation": "Local",
                        "condition": "good",
                        "price": {
                            "basePrice": 873.0,
                            "basePriceWithTax": 873.0,
                            "currency": "EUR",
                            "taxRate": 0.0,
                            "discount": 0.12028636884306987,
                            "shipping": 0.0,
                            "shippingMethod": "2",
                            "shippingMethodID": "2",
                            "price": 767.99,
                            "priceWithTax": 767.99
                        },
                        "offerURL": "https://www.fnac.com/Fnac-St-Lazare/sref614E8E00-3D26-E000-6574-0C0E771FE282",
                        "fulfillment": "Fnac St Lazare"
                    },
                    {
                        "offerID": "0f65d3ef-f295-cfea-12aa-f7f7142c34aa",
                        "sellerType": "professional",
                        "seller": "e-Recycle - Reconditionné en France",
                        "sellerID": "9beb6541-7989-6389-8073-9913499a87e5",
                        "sellerLocation": "Local",
                        "condition": "like-new",
                        "price": {
                            "basePrice": 850.8,
                            "basePriceWithTax": 850.8,
                            "currency": "EUR",
                            "taxRate": 0.0,
                            "discount": 0.09038551951104842,
                            "shipping": 0.0,
                            "shippingMethod": "2",
                            "shippingMethodID": "2",
                            "price": 773.9,
                            "priceWithTax": 773.9
                        },
                        "offerURL": "https://www.fnac.com/e-Recycle-Reconditionne-en-France/sref9BEB6541-7989-6389-8073-9913499A87E5",
                        "fulfillment": "e-Recycle - Reconditionné en France"
                    },
                    {
                        "offerID": "0a069380-761a-c17d-0443-b9828dce74c4",
                        "sellerType": "professional",
                        "seller": "Fnac Creteil",
                        "sellerID": "03b90df1-f507-9f62-07af-ec7ba463bbf1",
                        "sellerLocation": "Other",
                        "condition": "very-good",
                        "price": {
                            "basePrice": 873.0,
                            "basePriceWithTax": 873.0,
                            "currency": "EUR",
                            "taxRate": 0.0,
                            "discount": 0.09966781214203894,
                            "shipping": 0.0,
                            "shippingMethod": "2",
                            "shippingMethodID": "2",
                            "price": 785.99,
                            "priceWithTax": 785.99
                        },
                        "offerURL": "https://www.fnac.com/Fnac-Creteil/sref03B90DF1-F507-9F62-07AF-EC7BA463BBF1",
                        "fulfillment": "Fnac Creteil"
                    },
                    {
                        "offerID": "ad3e0f63-d616-e199-4082-e6c244cec515",
                        "sellerType": "professional",
                        "seller": "Fnac St Lazare",
                        "sellerID": "614e8e00-3d26-e000-6574-0c0e771fe282",
                        "sellerLocation": "Local",
                        "condition": "very-good",
                        "price": {
                            "basePrice": 873.0,
                            "basePriceWithTax": 873.0,
                            "currency": "EUR",
                            "taxRate": 0.0,
                            "discount": 0.09966781214203894,
                            "shipping": 0.0,
                            "shippingMethod": "2",
                            "shippingMethodID": "2",
                            "price": 785.99,
                            "priceWithTax": 785.99
                        },
                        "offerURL": "https://www.fnac.com/Fnac-St-Lazare/sref614E8E00-3D26-E000-6574-0C0E771FE282",
                        "fulfillment": "Fnac St Lazare"
                    },
                    {
                        "offerID": "01cdede0-a8a7-2324-5028-95f399c0663c",
                        "sellerType": "professional",
                        "seller": "Fnac Le Mans",
                        "sellerID": "f06f4b4e-1da0-66d9-d9f7-0cd83d13a4cb",
                        "sellerLocation": "Other",
                        "condition": "very-good",
                        "price": {
                            "basePrice": 873.0,
                            "basePriceWithTax": 873.0,
                            "currency": "EUR",
                            "taxRate": 0.0,
                            "discount": 0.09966781214203894,
                            "shipping": 0.0,
                            "shippingMethod": "2",
                            "shippingMethodID": "2",
                            "price": 785.99,
                            "priceWithTax": 785.99
                        },
                        "offerURL": "https://www.fnac.com/Fnac-Le-Mans/srefF06F4B4E-1DA0-66D9-D9F7-0CD83D13A4CB",
                        "fulfillment": "Fnac Le Mans"
                    },
                    {
                        "offerID": "ecf64907-37ff-f8cf-d9f3-acfe3a9fc786",
                        "sellerType": "professional",
                        "seller": "Fnac Forum",
                        "sellerID": "c2762075-ecc3-3f89-c3f9-c6152859c410",
                        "sellerLocation": "Local",
                        "condition": "very-good",
                        "price": {
                            "basePrice": 873.0,
                            "basePriceWithTax": 873.0,
                            "currency": "EUR",
                            "taxRate": 0.0,
                            "discount": 0.09966781214203894,
                            "shipping": 0.0,
                            "shippingMethod": "2",
                            "shippingMethodID": "2",
                            "price": 785.99,
                            "priceWithTax": 785.99
                        },
                        "offerURL": "https://www.fnac.com/Fnac-Forum/srefC2762075-ECC3-3F89-C3F9-C6152859C410",
                        "fulfillment": "Fnac Forum"
                    },
                    {
                        "offerID": "78bff0e1-2590-9fa5-c600-ec730ccf6dd3",
                        "sellerType": "professional",
                        "seller": "Fnac Cergy",
                        "sellerID": "c4b07a2f-01f1-e482-a231-f806d712f9f1",
                        "sellerLocation": "Other",
                        "condition": "very-good",
                        "price": {
                            "basePrice": 873.0,
                            "basePriceWithTax": 873.0,
                            "currency": "EUR",
                            "taxRate": 0.0,
                            "discount": 0.09966781214203894,
                            "shipping": 0.0,
                            "shippingMethod": "2",
                            "shippingMethodID": "2",
                            "price": 785.99,
                            "priceWithTax": 785.99
                        },
                        "offerURL": "https://www.fnac.com/Fnac-Cergy/srefC4B07A2F-01F1-E482-A231-F806D712F9F1",
                        "fulfillment": "Fnac Cergy"
                    },
                    {
                        "offerID": "a71601e4-26e9-93da-ac78-f53667576133",
                        "sellerType": "professional",
                        "seller": "Fnac Herblay",
                        "sellerID": "d4d4e805-daf8-c189-2fe8-67b67f58982d",
                        "sellerLocation": "Other",
                        "condition": "like-new",
                        "price": {
                            "basePrice": 873.0,
                            "basePriceWithTax": 873.0,
                            "currency": "EUR",
                            "taxRate": 0.0,
                            "discount": 0.08019473081328751,
                            "shipping": 0.0,
                            "shippingMethod": "2",
                            "shippingMethodID": "2",
                            "price": 802.99,
                            "priceWithTax": 802.99
                        },
                        "offerURL": "https://www.fnac.com/Fnac-Herblay/srefD4D4E805-DAF8-C189-2FE8-67B67F58982D",
                        "fulfillment": "Fnac Herblay"
                    },
                    {
                        "offerID": "67aff815-8707-4726-e70b-6b36f51333c6",
                        "sellerType": "professional",
                        "seller": "Fnac Parinor",
                        "sellerID": "1b303b2f-b69c-5f0d-8c2f-74b7dc2995e3",
                        "sellerLocation": "Local",
                        "condition": "like-new",
                        "price": {
                            "basePrice": 873.0,
                            "basePriceWithTax": 873.0,
                            "currency": "EUR",
                            "taxRate": 0.0,
                            "discount": 0.08019473081328751,
                            "shipping": 0.0,
                            "shippingMethod": "2",
                            "shippingMethodID": "2",
                            "price": 802.99,
                            "priceWithTax": 802.99
                        },
                        "offerURL": "https://www.fnac.com/Fnac-Parinor/sref1B303B2F-B69C-5F0D-8C2F-74B7DC2995E3",
                        "fulfillment": "Fnac Parinor"
                    },
                    {
                        "offerID": "ff3d1052-9ab7-1590-32b8-fa6f194e477c",
                        "sellerType": "professional",
                        "seller": "Fnac St Lazare",
                        "sellerID": "614e8e00-3d26-e000-6574-0c0e771fe282",
                        "sellerLocation": "Local",
                        "condition": "like-new",
                        "price": {
                            "basePrice": 873.0,
                            "basePriceWithTax": 873.0,
                            "currency": "EUR",
                            "taxRate": 0.0,
                            "discount": 0.08019473081328751,
                            "shipping": 0.0,
                            "shippingMethod": "2",
                            "shippingMethodID": "2",
                            "price": 802.99,
                            "priceWithTax": 802.99
                        },
                        "offerURL": "https://www.fnac.com/Fnac-St-Lazare/sref614E8E00-3D26-E000-6574-0C0E771FE282",
                        "fulfillment": "Fnac St Lazare"
                    },
                    {
                        "offerID": "01a06ca8-164a-07c9-2581-d62588bf31fe",
                        "sellerType": "professional",
                        "seller": "Fnac Gd Place",
                        "sellerID": "59b7124f-dd16-15ea-14bb-f0c41a9f5961",
                        "sellerLocation": "Other",
                        "condition": "like-new",
                        "price": {
                            "basePrice": 873.0,
                            "basePriceWithTax": 873.0,
                            "currency": "EUR",
                            "taxRate": 0.0,
                            "discount": 0.08019473081328751,
                            "shipping": 0.0,
                            "shippingMethod": "2",
                            "shippingMethodID": "2",
                            "price": 802.99,
                            "priceWithTax": 802.99
                        },
                        "offerURL": "https://www.fnac.com/Fnac-Gd-Place/sref59B7124F-DD16-15EA-14BB-F0C41A9F5961",
                        "fulfillment": "Fnac Gd Place"
                    },
                    {
                        "offerID": "15bdb74c-9ef5-b856-f9dd-40377af13879",
                        "sellerType": "professional",
                        "seller": "CARRE MOBILE",
                        "sellerID": "c9c590b1-9c78-4f78-6837-90633adc5b0c",
                        "sellerLocation": "Other",
                        "condition": "like-new",
                        "price": {
                            "basePrice": 799.99,
                            "basePriceWithTax": 799.99,
                            "currency": "EUR",
                            "taxRate": 0.0,
                            "discount": 0.0,
                            "shipping": 8.29,
                            "shippingMethod": "2",
                            "shippingMethodID": "2",
                            "price": 799.99,
                            "priceWithTax": 799.99
                        },
                        "offerURL": "https://www.fnac.com/CARRE-MOBILE/srefC9C590B1-9C78-4F78-6837-90633ADC5B0C",
                        "fulfillment": "CARRE MOBILE"
                    }
                ],
                "offerID": "00000000-0000-0000-0000-000000000000",
                "sellerType": "fnac",
                "sellerName": "FNAC.COM",
                "sellerID": "00000000-0000-0000-0000-000000000000",
                "sellerLocation": "Other",
                "condition": "new",
                "availability": "En Stock",
                "availabilityType": "in-stock",
                "availabilityID": "199"
            },
            "category": {
                "primaryCategoryID": "29",
                "subCategory1": "Téléphone Mobile",
                "subCategory1ID": "16049"
            },
            "linkedProduct": [],
            "price": {
                "basePrice": 804.94,
                "basePriceWithTax": 969.0,
                "currency": "EUR",
                "taxRate": 0.16666858252962882,
                "discount": 0.09938608387771371,
                "shipping": 0.0,
                "shippingMethod": "Standard",
                "shippingMethodID": "1",
                "price": 724.94,
                "priceWithTax": 873.0
            }
        }
    ]
}