{
    "$schema": "https://www.fnac.com/json-schema/digital-data/custom-ceddl-01",
    "pageInstanceID": "production-fnaccom-fr-fr-FR-a18573503",
    "page": {
        "pageInfo": {
            "pageID": "a18573503",
            "pageName": "Apple iPhone 15 6,1\" 5G Double SIM 256 Go Noir",
            "sysEnv": "FCS2WPWEBFR14",
            "breadCrumbs": [
                "Accueil",
                "Smartphones et Objets Connectés",
                "iPhone",
                "Apple iPhone 15 6,1\" 5G Double SIM 256 Go Noir"
            ],
            "version": "22.1.25185.5",
            "issueDate": "2025-07-16T16:46:24.3152866Z",
            "destinationURL": "https://www.fnac.com/Apple-iPhone-15-6-1-5G-Double-SIM-256-Go-Noir/a18573503/w-4",
            "referringURL": "https://www.fnac.com/",
            "language": "fr-FR"
        },
        "attributes": {
            "environment": "production",
            "deviceType": "desktop-web",
            "siteID": "fnaccom",
            "marketID": "fr",
            "statusCode": 200,
            "statusText": "OK",
            "entityID": "1-18573503",
            "entityName": "Apple iPhone 15 6,1\" 5G Double SIM 256 Go Noir"
        },
        "category": {
            "pageTemplate": "~/Nav/Core/Views/Article/Index.cshtml",
            "pageType": "product-page",
            "pathID": "56549",
            "primaryCategory": "Smartphones et Objets Connectés",
            "primaryCategoryID": "9455041",
            "virtualPrimaryCategoryID": "-54"
        }
    },
    "product": [
        {
            "productInfo": {
                "productID": "18573503",
                "productName": "Apple iPhone 15 6,1\" 5G Double SIM 256 Go Noir",
                "description": "&bull; DYNAMIC ISLAND ARRIVE SUR L&rsquo;IPHONE 15 &ndash; Dynamic Island fait remonter vos alertes et Activit&eacute;s en direct, pour que rien ne vous &eacute;chappe quand vous avez l&rsquo;esprit ailleurs. Voyez qui vous appelle, v&eacute;rifiez le statut de votre vol et faites bien plus encore.&bull; DESIGN INNOVANT &ndash; L&rsquo;iPhone 15 pr&eacute;sente un design r&eacute;sistant en aluminium et verre teint&eacute; dans la masse. Il r&eacute;siste aux &eacute;claboussures, &agrave; l&rsquo;eau et &agrave; la poussi&egrave;re. Sa face...",
                "productURL": "https://www.fnac.com/Apple-iPhone-15-6-1-5G-Double-SIM-256-Go-Noir/a18573503/w-4",
                "manufacturer": "Apple",
                "sku": "9268220",
                "gtin": "0195949036965",
                "mpn": "MTP63ZD/A"
            },
            "attributes": {
                "catalog": "newref",
                "nature": "physic",
                "type": "good",
                "currentOffer": {
                    "offerID": "00000000-0000-0000-0000-000000000000",
                    "sellerType": "fnac",
                    "seller": "FNAC.COM",
                    "sellerID": "00000000-0000-0000-0000-000000000000",
                    "sellerLocation": "Other",
                    "condition": "new",
                    "price": {
                        "basePrice": 899.93,
                        "basePriceWithTax": 899.93,
                        "currency": "EUR",
                        "taxRate": 0.0,
                        "discount": 0.0,
                        "shipping": 0.0,
                        "shippingMethod": "2",
                        "shippingMethodID": "2",
                        "price": 899.93,
                        "priceWithTax": 899.93
                    },
                    "offerURL": "https://www.fnac.com/FNAC-COM/sref00000000-0000-0000-0000-000000000000",
                    "fulfillment": "FNAC.COM"
                },
                "salesCategory": "3",
                "userRating": 4.5,
                "labRating": 4.0,
                "offer": [
                    {
                        "offerID": "00000000-0000-0000-0000-000000000000",
                        "sellerType": "fnac",
                        "seller": "FNAC.COM",
                        "sellerID": "00000000-0000-0000-0000-000000000000",
                        "sellerLocation": "Other",
                        "condition": "new",
                        "price": {
                            "basePrice": 899.93,
                            "basePriceWithTax": 899.93,
                            "currency": "EUR",
                            "taxRate": 0.0,
                            "discount": 0.0,
                            "shipping": 0.0,
                            "shippingMethod": "2",
                            "shippingMethodID": "2",
                            "price": 899.93,
                            "priceWithTax": 899.93
                        },
                        "offerURL": "https://www.fnac.com/FNAC-COM/sref00000000-0000-0000-0000-000000000000",
                        "fulfillment": "FNAC.COM"
                    },
                    {
                        "offerID": "aa3e60da-d7bb-9ba9-74d6-cfc48785ac4a",
                        "sellerType": "professional",
                        "seller": "KINGTONG",
                        "sellerID": "819501cf-9e80-3c26-508e-1328173069cc",
                        "sellerLocation": "European",
                        "condition": "like-new",
                        "price": {
                            "basePrice": 545.0,
                            "basePriceWithTax": 545.0,
                            "currency": "EUR",
                            "taxRate": 0.0,
                            "discount": 0.0,
                            "shipping": 0.0,
                            "shippingMethod": "2",
                            "shippingMethodID": "2",
                            "price": 545.0,
                            "priceWithTax": 545.0
                        },
                        "offerURL": "https://www.fnac.com/KINGTONG/sref819501CF-9E80-3C26-508E-1328173069CC",
                        "fulfillment": "FNAC.COM"
                    },
                    {
                        "offerID": "507c2fdc-5561-9004-65c5-e81ba8fe73bd",
                        "sellerType": "professional",
                        "seller": "Win Electornic",
                        "sellerID": "c4c0fe66-2dd4-76d7-4619-8605ab66c6ac",
                        "sellerLocation": "Local",
                        "condition": "very-good",
                        "price": {
                            "basePrice": 658.88,
                            "basePriceWithTax": 658.88,
                            "currency": "EUR",
                            "taxRate": 0.0,
                            "discount": 0.0,
                            "shipping": 0.0,
                            "shippingMethod": "2",
                            "shippingMethodID": "2",
                            "price": 658.88,
                            "priceWithTax": 658.88
                        },
                        "offerURL": "https://www.fnac.com/Win-Electornic/srefC4C0FE66-2DD4-76D7-4619-8605AB66C6AC",
                        "fulfillment": "FNAC.COM"
                    },
                    {
                        "offerID": "700626d8-e110-5c40-d9ea-2b46a36bd756",
                        "sellerType": "professional",
                        "seller": "Win Electornic",
                        "sellerID": "c4c0fe66-2dd4-76d7-4619-8605ab66c6ac",
                        "sellerLocation": "Local",
                        "condition": "good",
                        "price": {
                            "basePrice": 658.9,
                            "basePriceWithTax": 658.9,
                            "currency": "EUR",
                            "taxRate": 0.0,
                            "discount": 0.0,
                            "shipping": 0.0,
                            "shippingMethod": "2",
                            "shippingMethodID": "2",
                            "price": 658.9,
                            "priceWithTax": 658.9
                        },
                        "offerURL": "https://www.fnac.com/Win-Electornic/srefC4C0FE66-2DD4-76D7-4619-8605AB66C6AC",
                        "fulfillment": "FNAC.COM"
                    },
                    {
                        "offerID": "baccc7c8-11db-43d7-6b50-7d687b0a0fce",
                        "sellerType": "professional",
                        "seller": "AMOSTECH",
                        "sellerID": "f4c277c8-4397-98f7-f5ab-53fabf1006cd",
                        "sellerLocation": "European",
                        "condition": "like-new",
                        "price": {
                            "basePrice": 545.0,
                            "basePriceWithTax": 545.0,
                            "currency": "EUR",
                            "taxRate": 0.0,
                            "discount": 0.0,
                            "shipping": 0.0,
                            "shippingMethod": "2",
                            "shippingMethodID": "2",
                            "price": 545.0,
                            "priceWithTax": 545.0
                        },
                        "offerURL": "https://www.fnac.com/AMOSTECH/srefF4C277C8-4397-98F7-F5AB-53FABF1006CD",
                        "fulfillment": "FNAC.COM"
                    },
                    {
                        "offerID": "012b20f7-d727-7ae4-d1ec-03c6e165870f",
                        "sellerType": "professional",
                        "seller": "Bafobu",
                        "sellerID": "290e278b-a077-deff-dbb8-8ab6babce5a7",
                        "sellerLocation": "European",
                        "condition": "acceptable",
                        "price": {
                            "basePrice": 634.0,
                            "basePriceWithTax": 634.0,
                            "currency": "EUR",
                            "taxRate": 0.0,
                            "discount": 0.0,
                            "shipping": 0.0,
                            "shippingMethod": "2",
                            "shippingMethodID": "2",
                            "price": 634.0,
                            "priceWithTax": 634.0
                        },
                        "offerURL": "https://www.fnac.com/Bafobu/sref290E278B-A077-DEFF-DBB8-8AB6BABCE5A7",
                        "fulfillment": "Bafobu"
                    },
                    {
                        "offerID": "cc97df29-b7ff-0a6e-bf64-7afe445bbd6d",
                        "sellerType": "professional",
                        "seller": "Nest Green",
                        "sellerID": "ea4bc972-f940-1d30-d717-5eef3f4d18f5",
                        "sellerLocation": "Local",
                        "condition": "acceptable",
                        "price": {
                            "basePrice": 659.0,
                            "basePriceWithTax": 659.0,
                            "currency": "EUR",
                            "taxRate": 0.0,
                            "discount": 0.0,
                            "shipping": 0.0,
                            "shippingMethod": "2",
                            "shippingMethodID": "2",
                            "price": 659.0,
                            "priceWithTax": 659.0
                        },
                        "offerURL": "https://www.fnac.com/Nest-Green/srefEA4BC972-F940-1D30-D717-5EEF3F4D18F5",
                        "fulfillment": "Nest Green"
                    },
                    {
                        "offerID": "b1628e30-989a-ec45-3e87-17778c2cdac3",
                        "sellerType": "professional",
                        "seller": "Nest Green",
                        "sellerID": "ea4bc972-f940-1d30-d717-5eef3f4d18f5",
                        "sellerLocation": "Local",
                        "condition": "good",
                        "price": {
                            "basePrice": 665.0,
                            "basePriceWithTax": 665.0,
                            "currency": "EUR",
                            "taxRate": 0.0,
                            "discount": 0.0,
                            "shipping": 0.0,
                            "shippingMethod": "2",
                            "shippingMethodID": "2",
                            "price": 665.0,
                            "priceWithTax": 665.0
                        },
                        "offerURL": "https://www.fnac.com/Nest-Green/srefEA4BC972-F940-1D30-D717-5EEF3F4D18F5",
                        "fulfillment": "Nest Green"
                    },
                    {
                        "offerID": "2c4969db-a5d9-d9df-284c-bb91aa686938",
                        "sellerType": "professional",
                        "seller": "Nest Green",
                        "sellerID": "ea4bc972-f940-1d30-d717-5eef3f4d18f5",
                        "sellerLocation": "Local",
                        "condition": "very-good",
                        "price": {
                            "basePrice": 679.0,
                            "basePriceWithTax": 679.0,
                            "currency": "EUR",
                            "taxRate": 0.0,
                            "discount": 0.0,
                            "shipping": 0.0,
                            "shippingMethod": "2",
                            "shippingMethodID": "2",
                            "price": 679.0,
                            "priceWithTax": 679.0
                        },
                        "offerURL": "https://www.fnac.com/Nest-Green/srefEA4BC972-F940-1D30-D717-5EEF3F4D18F5",
                        "fulfillment": "Nest Green"
                    },
                    {
                        "offerID": "d95c8274-e700-ea52-df31-023b83eb9766",
                        "sellerType": "professional",
                        "seller": "Rev Digital FR",
                        "sellerID": "17c3e886-500d-96a0-58dd-04e64cac6cf6",
                        "sellerLocation": "European",
                        "condition": "like-new",
                        "price": {
                            "basePrice": 863.0,
                            "basePriceWithTax": 863.0,
                            "currency": "EUR",
                            "taxRate": 0.0,
                            "discount": 0.0,
                            "shipping": 0.0,
                            "shippingMethod": "2",
                            "shippingMethodID": "2",
                            "price": 863.0,
                            "priceWithTax": 863.0
                        },
                        "offerURL": "https://www.fnac.com/Rev-Digital-FR/sref17C3E886-500D-96A0-58DD-04E64CAC6CF6",
                        "fulfillment": "Rev Digital FR"
                    },
                    {
                        "offerID": "300fe2fb-0804-7a71-d0db-7db13cf48ae8",
                        "sellerType": "professional",
                        "seller": "Qter",
                        "sellerID": "1a58c028-dca4-2bb6-cb7f-6727f4c9fbcc",
                        "sellerLocation": "Local",
                        "condition": "like-new",
                        "price": {
                            "basePrice": 546.99,
                            "basePriceWithTax": 546.99,
                            "currency": "EUR",
                            "taxRate": 0.0,
                            "discount": 0.0,
                            "shipping": 0.0,
                            "shippingMethod": "2",
                            "shippingMethodID": "2",
                            "price": 546.99,
                            "priceWithTax": 546.99
                        },
                        "offerURL": "https://www.fnac.com/Qter/sref1A58C028-DCA4-2BB6-CB7F-6727F4C9FBCC",
                        "fulfillment": "Qter"
                    },
                    {
                        "offerID": "7d22919b-14c5-c8ac-3c8e-f8bb75e5ba4f",
                        "sellerType": "professional",
                        "seller": "Reswipe",
                        "sellerID": "97204abb-95fd-eb80-86df-3fd527a8bec8",
                        "sellerLocation": "European",
                        "condition": "like-new",
                        "price": {
                            "basePrice": 653.8,
                            "basePriceWithTax": 653.8,
                            "currency": "EUR",
                            "taxRate": 0.0,
                            "discount": 0.0,
                            "shipping": 0.0,
                            "shippingMethod": "2",
                            "shippingMethodID": "2",
                            "price": 653.8,
                            "priceWithTax": 653.8
                        },
                        "offerURL": "https://www.fnac.com/Reswipe/sref97204ABB-95FD-EB80-86DF-3FD527A8BEC8",
                        "fulfillment": "Reswipe"
                    },
                    {
                        "offerID": "6a775665-f054-0c9c-b189-b35d833dbe71",
                        "sellerType": "professional",
                        "seller": "Reniuved",
                        "sellerID": "8db89030-9670-f7ff-2a6d-99b798853cbd",
                        "sellerLocation": "Other",
                        "condition": "like-new",
                        "price": {
                            "basePrice": 674.72,
                            "basePriceWithTax": 674.72,
                            "currency": "EUR",
                            "taxRate": 0.0,
                            "discount": 0.0,
                            "shipping": 0.0,
                            "shippingMethod": "2",
                            "shippingMethodID": "2",
                            "price": 674.72,
                            "priceWithTax": 674.72
                        },
                        "offerURL": "https://www.fnac.com/Reniuved/sref8DB89030-9670-F7FF-2A6D-99B798853CBD",
                        "fulfillment": "Reniuved"
                    },
                    {
                        "offerID": "814fbc75-5794-e57e-dfd7-b60e870ab179",
                        "sellerType": "professional",
                        "seller": "AVEGOTT",
                        "sellerID": "d482a380-98b1-44e2-56be-c3de3346e666",
                        "sellerLocation": "Other",
                        "condition": "acceptable",
                        "price": {
                            "basePrice": 679.0,
                            "basePriceWithTax": 679.0,
                            "currency": "EUR",
                            "taxRate": 0.0,
                            "discount": 0.0,
                            "shipping": 0.0,
                            "shippingMethod": "2",
                            "shippingMethodID": "2",
                            "price": 679.0,
                            "priceWithTax": 679.0
                        },
                        "offerURL": "https://www.fnac.com/AVEGOTT/srefD482A380-98B1-44E2-56BE-C3DE3346E666",
                        "fulfillment": "AVEGOTT"
                    },
                    {
                        "offerID": "3902ce47-08e1-adc9-1f77-3b946d7487dc",
                        "sellerType": "professional",
                        "seller": "Fnac Lille",
                        "sellerID": "f9638f60-0782-fa87-1394-46dd4bcd3506",
                        "sellerLocation": "Local",
                        "condition": "good",
                        "price": {
                            "basePrice": 903.0,
                            "basePriceWithTax": 903.0,
                            "currency": "EUR",
                            "taxRate": 0.0,
                            "discount": 0.18052048726467332,
                            "shipping": 0.0,
                            "shippingMethod": "2",
                            "shippingMethodID": "2",
                            "price": 739.99,
                            "priceWithTax": 739.99
                        },
                        "offerURL": "https://www.fnac.com/Fnac-Lille/srefF9638F60-0782-FA87-1394-46DD4BCD3506",
                        "fulfillment": "Fnac Lille"
                    },
                    {
                        "offerID": "0e9bb827-3cea-28ea-66a5-51d8d2efea08",
                        "sellerType": "professional",
                        "seller": "Fnac Rosny2",
                        "sellerID": "49fc6f1d-aef5-a3dd-3176-f287b0914c75",
                        "sellerLocation": "Local",
                        "condition": "good",
                        "price": {
                            "basePrice": 903.0,
                            "basePriceWithTax": 903.0,
                            "currency": "EUR",
                            "taxRate": 0.0,
                            "discount": 0.18052048726467332,
                            "shipping": 0.0,
                            "shippingMethod": "2",
                            "shippingMethodID": "2",
                            "price": 739.99,
                            "priceWithTax": 739.99
                        },
                        "offerURL": "https://www.fnac.com/Fnac-Rosny2/sref49FC6F1D-AEF5-A3DD-3176-F287B0914C75",
                        "fulfillment": "Fnac Rosny2"
                    },
                    {
                        "offerID": "cf950110-f747-fd87-5286-64565788e24b",
                        "sellerType": "professional",
                        "seller": "Fnac Rouen",
                        "sellerID": "fbec56a9-d912-890b-6eea-090478af0d9a",
                        "sellerLocation": "Local",
                        "condition": "very-good",
                        "price": {
                            "basePrice": 903.0,
                            "basePriceWithTax": 903.0,
                            "currency": "EUR",
                            "taxRate": 0.0,
                            "discount": 0.15947951273532668,
                            "shipping": 0.0,
                            "shippingMethod": "2",
                            "shippingMethodID": "2",
                            "price": 758.99,
                            "priceWithTax": 758.99
                        },
                        "offerURL": "https://www.fnac.com/Fnac-Rouen/srefFBEC56A9-D912-890B-6EEA-090478AF0D9A",
                        "fulfillment": "Fnac Rouen"
                    },
                    {
                        "offerID": "10a0d3f1-e69d-802d-6009-b60cd55a3711",
                        "sellerType": "professional",
                        "seller": "Fnac Cergy",
                        "sellerID": "c4b07a2f-01f1-e482-a231-f806d712f9f1",
                        "sellerLocation": "Other",
                        "condition": "very-good",
                        "price": {
                            "basePrice": 903.0,
                            "basePriceWithTax": 903.0,
                            "currency": "EUR",
                            "taxRate": 0.0,
                            "discount": 0.15947951273532668,
                            "shipping": 0.0,
                            "shippingMethod": "2",
                            "shippingMethodID": "2",
                            "price": 758.99,
                            "priceWithTax": 758.99
                        },
                        "offerURL": "https://www.fnac.com/Fnac-Cergy/srefC4B07A2F-01F1-E482-A231-F806D712F9F1",
                        "fulfillment": "Fnac Cergy"
                    },
                    {
                        "offerID": "74df1314-07ba-4f98-9dbe-ec8de783ad11",
                        "sellerType": "professional",
                        "seller": "Fnac Bercy",
                        "sellerID": "c90ad1c3-5099-9274-06e1-95abc8badec7",
                        "sellerLocation": "Other",
                        "condition": "very-good",
                        "price": {
                            "basePrice": 903.0,
                            "basePriceWithTax": 903.0,
                            "currency": "EUR",
                            "taxRate": 0.0,
                            "discount": 0.15947951273532668,
                            "shipping": 0.0,
                            "shippingMethod": "2",
                            "shippingMethodID": "2",
                            "price": 758.99,
                            "priceWithTax": 758.99
                        },
                        "offerURL": "https://www.fnac.com/Fnac-Bercy/srefC90AD1C3-5099-9274-06E1-95ABC8BADEC7",
                        "fulfillment": "Fnac Bercy"
                    }
                ],
                "offerID": "00000000-0000-0000-0000-000000000000",
                "sellerType": "fnac",
                "sellerName": "FNAC.COM",
                "sellerID": "00000000-0000-0000-0000-000000000000",
                "sellerLocation": "Other",
                "condition": "new",
                "availability": "En Stock",
                "availabilityType": "in-stock",
                "availabilityID": "199"
            },
            "category": {
                "primaryCategoryID": "29",
                "subCategory1": "Téléphone Mobile",
                "subCategory1ID": "16049"
            },
            "linkedProduct": [],
            "price": {
                "basePrice": 829.94,
                "basePriceWithTax": 999.0,
                "currency": "EUR",
                "taxRate": 0.16666851866256263,
                "discount": 0.09639231672908738,
                "shipping": 0.0,
                "shippingMethod": "Standard",
                "shippingMethodID": "1",
                "price": 749.94,
                "priceWithTax": 903.0
            }
        }
    ]
}