{
    "$schema": "https://www.fnac.com/json-schema/digital-data/custom-ceddl-01",
    "pageInstanceID": "production-fnaccom-fr-fr-FR-a19813586",
    "page": {
        "pageInfo": {
            "pageID": "a19813586",
            "pageName": "Apple iPhone 16 Plus 6,7\" 5G 128 Go Double SIM Noir",
            "sysEnv": "FCS2WPWEBFR18",
            "breadCrumbs": [
                "Accueil",
                "Smartphones et Objets Connectés",
                "iPhone",
                "Apple iPhone 16 Plus 6,7\" 5G 128 Go Double SIM Noir"
            ],
            "version": "22.1.25185.5",
            "issueDate": "2025-07-16T05:14:34.7046830Z",
            "destinationURL": "https://www.fnac.com/Apple-iPhone-16-Plus-6-7-5G-128-Go-Double-SIM-Noir/a19813586/w-4",
            "referringURL": "https://www.fnac.com/",
            "language": "fr-FR"
        },
        "attributes": {
            "environment": "production",
            "deviceType": "desktop-web",
            "siteID": "fnaccom",
            "marketID": "fr",
            "statusCode": 200,
            "statusText": "OK",
            "entityID": "1-19813586",
            "entityName": "Apple iPhone 16 Plus 6,7\" 5G 128 Go Double SIM Noir"
        },
        "category": {
            "pageTemplate": "~/Nav/Core/Views/Article/Index.cshtml",
            "pageType": "product-page",
            "pathID": "56549",
            "primaryCategory": "Smartphones et Objets Connectés",
            "primaryCategoryID": "9455041",
            "virtualPrimaryCategoryID": "-54"
        }
    },
    "product": [
        {
            "productInfo": {
                "productID": "19813586",
                "productName": "Apple iPhone 16 Plus 6,7\" 5G 128 Go Double SIM Noir",
                "description": "iPhone 16 Plus. Conçu pour Apple Intelligence1.Super rapide. Ultra-brillante.Commande de l’appareil photo. Le contrôle à portée de main.Si éclatant. Si brillant. iPhone 16 Plus. Conçu pour Apple Intelligence1. Avec Commande de l’appareil photo. Caméra Fusion 48 Mpx. Cinq couleurs éclatantes. Et la puce A18.  CONÇU POUR APPLE INTELLIGENCEPersonnelle, privée, puissante. Pour écrire, vous exprimer et en faire plus sans effort1. COMMANDE DE L’APPAREIL PHOTO. LE CONTRÔLE À PORTÉE DE MAINCommande de l’appareil photo vous offre un accès plus rapide...",
                "productURL": "https://www.fnac.com/Apple-iPhone-16-Plus-6-7-5G-128-Go-Double-SIM-Noir/a19813586/w-4",
                "manufacturer": "Apple",
                "sku": "9278918",
                "gtin": "3615993760465",
                "mpn": "MXVU3ZD/A"
            },
            "attributes": {
                "catalog": "newref",
                "nature": "physic",
                "type": "good",
                "currentOffer": {
                    "offerID": "00000000-0000-0000-0000-000000000000",
                    "sellerType": "fnac",
                    "seller": "FNAC.COM",
                    "sellerID": "00000000-0000-0000-0000-000000000000",
                    "sellerLocation": "Other",
                    "condition": "new",
                    "price": {
                        "basePrice": 1019.93,
                        "basePriceWithTax": 1019.93,
                        "currency": "EUR",
                        "taxRate": 0.0,
                        "discount": 0.0,
                        "shipping": 0.0,
                        "shippingMethod": "2",
                        "shippingMethodID": "2",
                        "price": 1019.93,
                        "priceWithTax": 1019.93
                    },
                    "offerURL": "https://www.fnac.com/FNAC-COM/sref00000000-0000-0000-0000-000000000000",
                    "fulfillment": "FNAC.COM"
                },
                "salesCategory": "1",
                "userRating": 4.5,
                "labRating": 5.0,
                "offer": [
                    {
                        "offerID": "00000000-0000-0000-0000-000000000000",
                        "sellerType": "fnac",
                        "seller": "FNAC.COM",
                        "sellerID": "00000000-0000-0000-0000-000000000000",
                        "sellerLocation": "Other",
                        "condition": "new",
                        "price": {
                            "basePrice": 1019.93,
                            "basePriceWithTax": 1019.93,
                            "currency": "EUR",
                            "taxRate": 0.0,
                            "discount": 0.0,
                            "shipping": 0.0,
                            "shippingMethod": "2",
                            "shippingMethodID": "2",
                            "price": 1019.93,
                            "priceWithTax": 1019.93
                        },
                        "offerURL": "https://www.fnac.com/FNAC-COM/sref00000000-0000-0000-0000-000000000000",
                        "fulfillment": "FNAC.COM"
                    },
                    {
                        "offerID": "361fef9d-ee68-a20d-fc60-b7f4c64d991f",
                        "sellerType": "professional",
                        "seller": "Alloccaz",
                        "sellerID": "392d3f1a-6f54-d652-90a1-42e695943c52",
                        "sellerLocation": "Local",
                        "condition": "very-good",
                        "price": {
                            "basePrice": 880.0,
                            "basePriceWithTax": 880.0,
                            "currency": "EUR",
                            "taxRate": 0.0,
                            "discount": 0.0,
                            "shipping": 0.0,
                            "shippingMethod": "2",
                            "shippingMethodID": "2",
                            "price": 880.0,
                            "priceWithTax": 880.0
                        },
                        "offerURL": "https://www.fnac.com/Alloccaz/sref392D3F1A-6F54-D652-90A1-42E695943C52",
                        "fulfillment": "Alloccaz"
                    },
                    {
                        "offerID": "1ace3ba8-fb3b-9fb5-92e7-6dae08dd226f",
                        "sellerType": "professional",
                        "seller": "Nest Green",
                        "sellerID": "ea4bc972-f940-1d30-d717-5eef3f4d18f5",
                        "sellerLocation": "Local",
                        "condition": "very-good",
                        "price": {
                            "basePrice": 881.9,
                            "basePriceWithTax": 881.9,
                            "currency": "EUR",
                            "taxRate": 0.0,
                            "discount": 0.0,
                            "shipping": 0.0,
                            "shippingMethod": "2",
                            "shippingMethodID": "2",
                            "price": 881.9,
                            "priceWithTax": 881.9
                        },
                        "offerURL": "https://www.fnac.com/Nest-Green/srefEA4BC972-F940-1D30-D717-5EEF3F4D18F5",
                        "fulfillment": "Nest Green"
                    },
                    {
                        "offerID": "fafa188d-84e7-7512-2982-87a9ee69ead6",
                        "sellerType": "professional",
                        "seller": "Bafobu",
                        "sellerID": "290e278b-a077-deff-dbb8-8ab6babce5a7",
                        "sellerLocation": "European",
                        "condition": "acceptable",
                        "price": {
                            "basePrice": 886.15,
                            "basePriceWithTax": 886.15,
                            "currency": "EUR",
                            "taxRate": 0.0,
                            "discount": 0.0,
                            "shipping": 0.0,
                            "shippingMethod": "2",
                            "shippingMethodID": "2",
                            "price": 886.15,
                            "priceWithTax": 886.15
                        },
                        "offerURL": "https://www.fnac.com/Bafobu/sref290E278B-A077-DEFF-DBB8-8AB6BABCE5A7",
                        "fulfillment": "Bafobu"
                    },
                    {
                        "offerID": "0f89980b-39f1-3e15-2d62-3fb011fa0cfa",
                        "sellerType": "professional",
                        "seller": "Bafobu",
                        "sellerID": "290e278b-a077-deff-dbb8-8ab6babce5a7",
                        "sellerLocation": "European",
                        "condition": "very-good",
                        "price": {
                            "basePrice": 912.01,
                            "basePriceWithTax": 912.01,
                            "currency": "EUR",
                            "taxRate": 0.0,
                            "discount": 0.0,
                            "shipping": 0.0,
                            "shippingMethod": "2",
                            "shippingMethodID": "2",
                            "price": 912.01,
                            "priceWithTax": 912.01
                        },
                        "offerURL": "https://www.fnac.com/Bafobu/sref290E278B-A077-DEFF-DBB8-8AB6BABCE5A7",
                        "fulfillment": "Bafobu"
                    },
                    {
                        "offerID": "3a649889-7331-c433-9685-73e62c8f792e",
                        "sellerType": "professional",
                        "seller": "Nest Green",
                        "sellerID": "ea4bc972-f940-1d30-d717-5eef3f4d18f5",
                        "sellerLocation": "Local",
                        "condition": "like-new",
                        "price": {
                            "basePrice": 939.0,
                            "basePriceWithTax": 939.0,
                            "currency": "EUR",
                            "taxRate": 0.0,
                            "discount": 0.0,
                            "shipping": 0.0,
                            "shippingMethod": "2",
                            "shippingMethodID": "2",
                            "price": 939.0,
                            "priceWithTax": 939.0
                        },
                        "offerURL": "https://www.fnac.com/Nest-Green/srefEA4BC972-F940-1D30-D717-5EEF3F4D18F5",
                        "fulfillment": "Nest Green"
                    },
                    {
                        "offerID": "6b0ff96b-710a-ef92-957e-36ec618f37b9",
                        "sellerType": "professional",
                        "seller": "Rev Digital FR",
                        "sellerID": "17c3e886-500d-96a0-58dd-04e64cac6cf6",
                        "sellerLocation": "European",
                        "condition": "like-new",
                        "price": {
                            "basePrice": 952.0,
                            "basePriceWithTax": 952.0,
                            "currency": "EUR",
                            "taxRate": 0.0,
                            "discount": 0.0,
                            "shipping": 0.0,
                            "shippingMethod": "2",
                            "shippingMethodID": "2",
                            "price": 952.0,
                            "priceWithTax": 952.0
                        },
                        "offerURL": "https://www.fnac.com/Rev-Digital-FR/sref17C3E886-500D-96A0-58DD-04E64CAC6CF6",
                        "fulfillment": "Rev Digital FR"
                    },
                    {
                        "offerID": "edb01675-7f6f-cae6-a0f5-e82150fbee33",
                        "sellerType": "professional",
                        "seller": "Fnac Ternes",
                        "sellerID": "a466f168-c8bf-ade2-a8d3-9150172c9cc6",
                        "sellerLocation": "Local",
                        "condition": "good",
                        "price": {
                            "basePrice": 1023.0,
                            "basePriceWithTax": 1023.0,
                            "currency": "EUR",
                            "taxRate": 0.0,
                            "discount": 0.12024437927663734,
                            "shipping": 0.0,
                            "shippingMethod": "2",
                            "shippingMethodID": "2",
                            "price": 899.99,
                            "priceWithTax": 899.99
                        },
                        "offerURL": "https://www.fnac.com/Fnac-Ternes/srefA466F168-C8BF-ADE2-A8D3-9150172C9CC6",
                        "fulfillment": "Fnac Ternes"
                    },
                    {
                        "offerID": "ec90be26-79ad-bb7f-7089-4bd665943557",
                        "sellerType": "professional",
                        "seller": "RPSTechnologies",
                        "sellerID": "eed20d12-ff6b-e571-fbf6-c8103f502bde",
                        "sellerLocation": "Other",
                        "condition": "good",
                        "price": {
                            "basePrice": 989.0,
                            "basePriceWithTax": 989.0,
                            "currency": "EUR",
                            "taxRate": 0.0,
                            "discount": 0.0,
                            "shipping": 8.29,
                            "shippingMethod": "2",
                            "shippingMethodID": "2",
                            "price": 989.0,
                            "priceWithTax": 989.0
                        },
                        "offerURL": "https://www.fnac.com/RPSTechnologies/srefEED20D12-FF6B-E571-FBF6-C8103F502BDE",
                        "fulfillment": "RPSTechnologies"
                    },
                    {
                        "offerID": "29427b97-a194-a500-93fa-699168da456a",
                        "sellerType": "professional",
                        "seller": "RPSTechnologies",
                        "sellerID": "eed20d12-ff6b-e571-fbf6-c8103f502bde",
                        "sellerLocation": "Other",
                        "condition": "very-good",
                        "price": {
                            "basePrice": 995.0,
                            "basePriceWithTax": 995.0,
                            "currency": "EUR",
                            "taxRate": 0.0,
                            "discount": 0.0,
                            "shipping": 8.29,
                            "shippingMethod": "2",
                            "shippingMethodID": "2",
                            "price": 995.0,
                            "priceWithTax": 995.0
                        },
                        "offerURL": "https://www.fnac.com/RPSTechnologies/srefEED20D12-FF6B-E571-FBF6-C8103F502BDE",
                        "fulfillment": "RPSTechnologies"
                    },
                    {
                        "offerID": "59c3b993-d972-d415-1265-40e08abbc6ec",
                        "sellerType": "professional",
                        "seller": "RPSTechnologies",
                        "sellerID": "eed20d12-ff6b-e571-fbf6-c8103f502bde",
                        "sellerLocation": "Other",
                        "condition": "like-new",
                        "price": {
                            "basePrice": 999.0,
                            "basePriceWithTax": 999.0,
                            "currency": "EUR",
                            "taxRate": 0.0,
                            "discount": 0.0,
                            "shipping": 8.29,
                            "shippingMethod": "2",
                            "shippingMethodID": "2",
                            "price": 999.0,
                            "priceWithTax": 999.0
                        },
                        "offerURL": "https://www.fnac.com/RPSTechnologies/srefEED20D12-FF6B-E571-FBF6-C8103F502BDE",
                        "fulfillment": "RPSTechnologies"
                    }
                ],
                "offerID": "00000000-0000-0000-0000-000000000000",
                "sellerType": "fnac",
                "sellerName": "FNAC.COM",
                "sellerID": "00000000-0000-0000-0000-000000000000",
                "sellerLocation": "Other",
                "condition": "new",
                "availability": "En Stock",
                "availabilityType": "in-stock",
                "availabilityID": "199"
            },
            "category": {
                "primaryCategoryID": "29",
                "subCategory1": "Téléphone Mobile",
                "subCategory1ID": "16049"
            },
            "linkedProduct": [],
            "price": {
                "basePrice": 929.94,
                "basePriceWithTax": 1119.0,
                "currency": "EUR",
                "taxRate": 0.16666830076573882,
                "discount": 0.08602690132893641,
                "shipping": 0.0,
                "shippingMethod": "Standard",
                "shippingMethodID": "1",
                "price": 849.94,
                "priceWithTax": 1023.0
            }
        }
    ]
}