{
    "$schema": "https://www.fnac.com/json-schema/digital-data/custom-ceddl-01",
    "pageInstanceID": "production-fnaccom-fr-fr-FR-a19813583",
    "page": {
        "pageInfo": {
            "pageID": "a19813583",
            "pageName": "Apple iPhone 16 6,1\" 5G 256 Go Double SIM Noir",
            "sysEnv": "FCS1WPWEBFR17",
            "breadCrumbs": [
                "Accueil",
                "Smartphones et Objets Connectés",
                "iPhone",
                "Apple iPhone 16 6,1\" 5G 256 Go Double SIM Noir"
            ],
            "version": "22.1.25185.5",
            "issueDate": "2025-07-15T21:50:01.0491548Z",
            "destinationURL": "https://www.fnac.com/Apple-iPhone-16-6-1-5G-256-Go-Double-SIM-Noir/a19813583/w-4",
            "referringURL": "https://www.fnac.com/",
            "language": "fr-FR"
        },
        "attributes": {
            "environment": "production",
            "deviceType": "desktop-web",
            "siteID": "fnaccom",
            "marketID": "fr",
            "statusCode": 200,
            "statusText": "OK",
            "entityID": "1-19813583",
            "entityName": "Apple iPhone 16 6,1\" 5G 256 Go Double SIM Noir"
        },
        "category": {
            "pageTemplate": "~/Nav/Core/Views/Article/Index.cshtml",
            "pageType": "product-page",
            "pathID": "56549",
            "primaryCategory": "Smartphones et Objets Connectés",
            "primaryCategoryID": "9455041",
            "virtualPrimaryCategoryID": "-54"
        }
    },
    "product": [
        {
            "productInfo": {
                "productID": "19813583",
                "productName": "Apple iPhone 16 6,1\" 5G 256 Go Double SIM Noir",
                "description": "iPhone 16. Conçu pour Apple Intelligence.Super rapide. Ultra-brillante.Commande de l’appareil photo. Le contrôle à portée de main.Si éclatant. Si brillant. iPhone 16. Conçu pour Apple Intelligence1. Avec Commande de l’appareil photo. Caméra Fusion 48 Mpx. Cinq couleurs éclatantes. Et la puce A18.  CONÇU POUR APPLE INTELLIGENCEPersonnelle, privée, puissante. Pour écrire, vous exprimer et en faire plus sans effort1. COMMANDE DE L’APPAREIL PHOTO. LE CONTRÔLE À PORTÉE DE MAIN – Commande de l’appareil photo vous offre un accès plus rapide aux...",
                "productURL": "https://www.fnac.com/Apple-iPhone-16-6-1-5G-256-Go-Double-SIM-Noir/a19813583/w-4",
                "manufacturer": "Apple",
                "sku": "9278915",
                "gtin": "3615993760366",
                "mpn": "MYEE3ZD/A"
            },
            "attributes": {
                "catalog": "newref",
                "nature": "physic",
                "type": "good",
                "currentOffer": {
                    "offerID": "00000000-0000-0000-0000-000000000000",
                    "sellerType": "fnac",
                    "seller": "FNAC.COM",
                    "sellerID": "00000000-0000-0000-0000-000000000000",
                    "sellerLocation": "Other",
                    "condition": "new",
                    "price": {
                        "basePrice": 999.93,
                        "basePriceWithTax": 999.93,
                        "currency": "EUR",
                        "taxRate": 0.0,
                        "discount": 0.0,
                        "shipping": 0.0,
                        "shippingMethod": "2",
                        "shippingMethodID": "2",
                        "price": 999.93,
                        "priceWithTax": 999.93
                    },
                    "offerURL": "https://www.fnac.com/FNAC-COM/sref00000000-0000-0000-0000-000000000000",
                    "fulfillment": "FNAC.COM"
                },
                "salesCategory": "2",
                "userRating": 5.0,
                "labRating": 5.0,
                "offer": [
                    {
                        "offerID": "00000000-0000-0000-0000-000000000000",
                        "sellerType": "fnac",
                        "seller": "FNAC.COM",
                        "sellerID": "00000000-0000-0000-0000-000000000000",
                        "sellerLocation": "Other",
                        "condition": "new",
                        "price": {
                            "basePrice": 999.93,
                            "basePriceWithTax": 999.93,
                            "currency": "EUR",
                            "taxRate": 0.0,
                            "discount": 0.0,
                            "shipping": 0.0,
                            "shippingMethod": "2",
                            "shippingMethodID": "2",
                            "price": 999.93,
                            "priceWithTax": 999.93
                        },
                        "offerURL": "https://www.fnac.com/FNAC-COM/sref00000000-0000-0000-0000-000000000000",
                        "fulfillment": "FNAC.COM"
                    },
                    {
                        "offerID": "e919fe96-2965-dfb1-a1ba-d2ae87e959a0",
                        "sellerType": "professional",
                        "seller": "CoolKK",
                        "sellerID": "5dd5db6a-91c1-e884-2f7c-3f321f2a19a2",
                        "sellerLocation": "Local",
                        "condition": "like-new",
                        "price": {
                            "basePrice": 799.0,
                            "basePriceWithTax": 799.0,
                            "currency": "EUR",
                            "taxRate": 0.0,
                            "discount": 0.0,
                            "shipping": 0.0,
                            "shippingMethod": "2",
                            "shippingMethodID": "2",
                            "price": 799.0,
                            "priceWithTax": 799.0
                        },
                        "offerURL": "https://www.fnac.com/CoolKK/sref5DD5DB6A-91C1-E884-2F7C-3F321F2A19A2",
                        "fulfillment": "CoolKK"
                    },
                    {
                        "offerID": "64bc9c49-d095-00d9-3eea-0409317aa3a2",
                        "sellerType": "professional",
                        "seller": "Fnac Montparnasse",
                        "sellerID": "24c93272-5061-1e33-36c7-309d33a73821",
                        "sellerLocation": "Local",
                        "condition": "very-good",
                        "price": {
                            "basePrice": 1003.0,
                            "basePriceWithTax": 1003.0,
                            "currency": "EUR",
                            "taxRate": 0.0,
                            "discount": 0.15953140578265204,
                            "shipping": 0.0,
                            "shippingMethod": "2",
                            "shippingMethodID": "2",
                            "price": 842.99,
                            "priceWithTax": 842.99
                        },
                        "offerURL": "https://www.fnac.com/Fnac-Montparnasse/sref24C93272-5061-1E33-36C7-309D33A73821",
                        "fulfillment": "Fnac Montparnasse"
                    },
                    {
                        "offerID": "4f97a3c3-f748-7965-fc7f-fe346b3d8ee2",
                        "sellerType": "professional",
                        "seller": "Rev Digital FR",
                        "sellerID": "17c3e886-500d-96a0-58dd-04e64cac6cf6",
                        "sellerLocation": "European",
                        "condition": "like-new",
                        "price": {
                            "basePrice": 918.0,
                            "basePriceWithTax": 918.0,
                            "currency": "EUR",
                            "taxRate": 0.0,
                            "discount": 0.0,
                            "shipping": 0.0,
                            "shippingMethod": "2",
                            "shippingMethodID": "2",
                            "price": 918.0,
                            "priceWithTax": 918.0
                        },
                        "offerURL": "https://www.fnac.com/Rev-Digital-FR/sref17C3E886-500D-96A0-58DD-04E64CAC6CF6",
                        "fulfillment": "Rev Digital FR"
                    },
                    {
                        "offerID": "9b8c4b77-18e5-344a-5093-63d18a633a8a",
                        "sellerType": "professional",
                        "seller": "DigiNext",
                        "sellerID": "8b7b5bdd-5109-02fe-81ef-529a4e70e8d3",
                        "sellerLocation": "European",
                        "condition": "like-new",
                        "price": {
                            "basePrice": 830.99,
                            "basePriceWithTax": 830.99,
                            "currency": "EUR",
                            "taxRate": 0.0,
                            "discount": 0.0,
                            "shipping": 0.0,
                            "shippingMethod": "2",
                            "shippingMethodID": "2",
                            "price": 830.99,
                            "priceWithTax": 830.99
                        },
                        "offerURL": "https://www.fnac.com/DigiNext/sref8B7B5BDD-5109-02FE-81EF-529A4E70E8D3",
                        "fulfillment": "DigiNext"
                    },
                    {
                        "offerID": "331708ca-8152-ed8f-9e2d-92c313492c40",
                        "sellerType": "professional",
                        "seller": "Fnac La Defense",
                        "sellerID": "5c0c0f79-75e5-ec44-38c1-6028475ca153",
                        "sellerLocation": "Local",
                        "condition": "very-good",
                        "price": {
                            "basePrice": 1003.0,
                            "basePriceWithTax": 1003.0,
                            "currency": "EUR",
                            "taxRate": 0.0,
                            "discount": 0.15953140578265204,
                            "shipping": 0.0,
                            "shippingMethod": "2",
                            "shippingMethodID": "2",
                            "price": 842.99,
                            "priceWithTax": 842.99
                        },
                        "offerURL": "https://www.fnac.com/Fnac-La-Defense/sref5C0C0F79-75E5-EC44-38C1-6028475CA153",
                        "fulfillment": "Fnac La Defense"
                    },
                    {
                        "offerID": "59bb706d-fd63-fdf1-ae59-0052d9c2bcd8",
                        "sellerType": "professional",
                        "seller": "Fnac Ternes",
                        "sellerID": "a466f168-c8bf-ade2-a8d3-9150172c9cc6",
                        "sellerLocation": "Local",
                        "condition": "very-good",
                        "price": {
                            "basePrice": 1003.0,
                            "basePriceWithTax": 1003.0,
                            "currency": "EUR",
                            "taxRate": 0.0,
                            "discount": 0.15953140578265204,
                            "shipping": 0.0,
                            "shippingMethod": "2",
                            "shippingMethodID": "2",
                            "price": 842.99,
                            "priceWithTax": 842.99
                        },
                        "offerURL": "https://www.fnac.com/Fnac-Ternes/srefA466F168-C8BF-ADE2-A8D3-9150172C9CC6",
                        "fulfillment": "Fnac Ternes"
                    },
                    {
                        "offerID": "98da23aa-aeb0-9ba6-066d-cec06311007d",
                        "sellerType": "professional",
                        "seller": "Fnac Gd Place",
                        "sellerID": "59b7124f-dd16-15ea-14bb-f0c41a9f5961",
                        "sellerLocation": "Other",
                        "condition": "very-good",
                        "price": {
                            "basePrice": 1003.0,
                            "basePriceWithTax": 1003.0,
                            "currency": "EUR",
                            "taxRate": 0.0,
                            "discount": 0.15953140578265204,
                            "shipping": 0.0,
                            "shippingMethod": "2",
                            "shippingMethodID": "2",
                            "price": 842.99,
                            "priceWithTax": 842.99
                        },
                        "offerURL": "https://www.fnac.com/Fnac-Gd-Place/sref59B7124F-DD16-15EA-14BB-F0C41A9F5961",
                        "fulfillment": "Fnac Gd Place"
                    },
                    {
                        "offerID": "ebd243ee-c271-b3fa-6bb0-5bb1574ea87e",
                        "sellerType": "professional",
                        "seller": "Fnac St Lazare",
                        "sellerID": "614e8e00-3d26-e000-6574-0c0e771fe282",
                        "sellerLocation": "Local",
                        "condition": "very-good",
                        "price": {
                            "basePrice": 1003.0,
                            "basePriceWithTax": 1003.0,
                            "currency": "EUR",
                            "taxRate": 0.0,
                            "discount": 0.15953140578265204,
                            "shipping": 0.0,
                            "shippingMethod": "2",
                            "shippingMethodID": "2",
                            "price": 842.99,
                            "priceWithTax": 842.99
                        },
                        "offerURL": "https://www.fnac.com/Fnac-St-Lazare/sref614E8E00-3D26-E000-6574-0C0E771FE282",
                        "fulfillment": "Fnac St Lazare"
                    },
                    {
                        "offerID": "0926ffd9-d8bf-912a-586d-fc2dc0c91a49",
                        "sellerType": "professional",
                        "seller": "RPSTechnologies",
                        "sellerID": "eed20d12-ff6b-e571-fbf6-c8103f502bde",
                        "sellerLocation": "Other",
                        "condition": "good",
                        "price": {
                            "basePrice": 989.0,
                            "basePriceWithTax": 989.0,
                            "currency": "EUR",
                            "taxRate": 0.0,
                            "discount": 0.0,
                            "shipping": 8.29,
                            "shippingMethod": "2",
                            "shippingMethodID": "2",
                            "price": 989.0,
                            "priceWithTax": 989.0
                        },
                        "offerURL": "https://www.fnac.com/RPSTechnologies/srefEED20D12-FF6B-E571-FBF6-C8103F502BDE",
                        "fulfillment": "RPSTechnologies"
                    },
                    {
                        "offerID": "acc6ae8e-842d-5982-63d4-06f6e29bcd9e",
                        "sellerType": "professional",
                        "seller": "RPSTechnologies",
                        "sellerID": "eed20d12-ff6b-e571-fbf6-c8103f502bde",
                        "sellerLocation": "Other",
                        "condition": "very-good",
                        "price": {
                            "basePrice": 995.0,
                            "basePriceWithTax": 995.0,
                            "currency": "EUR",
                            "taxRate": 0.0,
                            "discount": 0.0,
                            "shipping": 8.29,
                            "shippingMethod": "2",
                            "shippingMethodID": "2",
                            "price": 995.0,
                            "priceWithTax": 995.0
                        },
                        "offerURL": "https://www.fnac.com/RPSTechnologies/srefEED20D12-FF6B-E571-FBF6-C8103F502BDE",
                        "fulfillment": "RPSTechnologies"
                    },
                    {
                        "offerID": "8027c9d7-e89b-1411-1035-b13761f6b15c",
                        "sellerType": "professional",
                        "seller": "RPSTechnologies",
                        "sellerID": "eed20d12-ff6b-e571-fbf6-c8103f502bde",
                        "sellerLocation": "Other",
                        "condition": "like-new",
                        "price": {
                            "basePrice": 999.0,
                            "basePriceWithTax": 999.0,
                            "currency": "EUR",
                            "taxRate": 0.0,
                            "discount": 0.0,
                            "shipping": 8.29,
                            "shippingMethod": "2",
                            "shippingMethodID": "2",
                            "price": 999.0,
                            "priceWithTax": 999.0
                        },
                        "offerURL": "https://www.fnac.com/RPSTechnologies/srefEED20D12-FF6B-E571-FBF6-C8103F502BDE",
                        "fulfillment": "RPSTechnologies"
                    }
                ],
                "offerID": "00000000-0000-0000-0000-000000000000",
                "sellerType": "fnac",
                "sellerName": "FNAC.COM",
                "sellerID": "00000000-0000-0000-0000-000000000000",
                "sellerLocation": "Other",
                "condition": "new",
                "availability": "En Stock",
                "availabilityType": "in-stock",
                "availabilityID": "199"
            },
            "category": {
                "primaryCategoryID": "29",
                "subCategory1": "Téléphone Mobile",
                "subCategory1ID": "16049"
            },
            "linkedProduct": [],
            "price": {
                "basePrice": 913.28,
                "basePriceWithTax": 1099.0,
                "currency": "EUR",
                "taxRate": 0.16666166631664217,
                "discount": 0.08759683556431525,
                "shipping": 0.0,
                "shippingMethod": "Standard",
                "shippingMethodID": "1",
                "price": 833.28,
                "priceWithTax": 1003.0
            }
        }
    ]
}